Case,ET (Enhancing Tumor) Dice,ET (Enhancing Tumor) HD95,TC (Tumor Core) Dice,TC (Tumor Core) HD95,WT (Whole Tumor) Dice,WT (Whole Tumor) HD95
BraTS-MEN-00004-000.nii.gz,0.0,373.0,0.0,373.0,0.255331088664422,13.076696830622021
BraTS-MEN-00008-000.nii.gz,0.0,373.0,0.0,373.0,0.0,373.0
BraTS-MEN-00010-000.nii.gz,0.0,373.0,0.0,373.0,0.0,373.0
BraTS-MEN-00012-000.nii.gz,0.0,373.0,0.0,373.0,0.0,373.0
BraTS-MEN-00016-000.nii.gz,0.0,373.0,0.0001412130198404293,23.466989306555654,0.0001295001295001295,23.430749027719962
BraTS-MEN-00017-000.nii.gz,0.0,373.0,0.0,30.870698080866262,0.027042862937756342,16.431676725154983
BraTS-MEN-00018-000.nii.gz,0.0,373.0,0.007925844034356663,30.610455730027933,0.8252697510113993,15.937377450509228
BraTS-MEN-00020-000.nii.gz,0.0,373.0,0.0,373.0,0.0,373.0
BraTS-MEN-00021-000.nii.gz,0.0,373.0,0.0,373.0,0.2858133929096361,26.43860813280457
BraTS-MEN-00022-000.nii.gz,0.0,373.0,0.0,373.0,0.3152813750882976,7.0
BraTS-MEN-00023-000.nii.gz,0.0,373.0,0.5754766949152542,8.06225774829855,0.903045691292553,5.744562646538029
BraTS-MEN-00024-000.nii.gz,0.0,373.0,0.0,373.0,0.3276453788369693,16.0312195418814
BraTS-MEN-00025-000.nii.gz,0.0,373.0,0.0,373.0,0.0,373.0
BraTS-MEN-00026-000.nii.gz,1.0,0.0,1.0,0.0,1.0,0.0
BraTS-MEN-00027-000.nii.gz,0.0,373.0,0.23232486821689227,15.264337522473747,0.2249112218539939,15.297058540778355
BraTS-MEN-00028-000.nii.gz,0.0,373.0,0.0,373.0,0.20440226493340777,57.072743504058565
BraTS-MEN-00031-000.nii.gz,0.0,373.0,0.0,373.0,0.4633178945213542,25.380109348524265
BraTS-MEN-00032-000.nii.gz,0.0,373.0,0.0,373.0,0.0,373.0
BraTS-MEN-00033-000.nii.gz,0.0,373.0,0.0030435546042124804,40.16777094031197,0.11554133122788218,7.681145747868608
BraTS-MEN-00034-000.nii.gz,0.0,373.0,0.0027747268628244407,23.600847442411894,0.786748819716732,9.9498743710662
BraTS-MEN-00037-000.nii.gz,1.0,0.0,1.0,0.0,1.0,0.0
BraTS-MEN-00040-000.nii.gz,0.0,373.0,0.4929274178578058,16.55294535724685,0.24755724278662758,43.520110293977886
BraTS-MEN-00041-000.nii.gz,0.0,373.0,0.0,373.0,0.8469981101904347,4.123105625617661
BraTS-MEN-00042-000.nii.gz,0.0,373.0,0.0,373.0,0.0,7.8676320542012865
BraTS-MEN-00043-000.nii.gz,0.0,373.0,0.0,373.0,0.0,373.0
BraTS-MEN-00045-000.nii.gz,0.0,373.0,0.0,373.0,0.7459893048128342,3.1622776601683795
BraTS-MEN-00047-000.nii.gz,0.0,373.0,0.0,373.0,0.5943918291550604,53.34791467339656
BraTS-MEN-00048-000.nii.gz,0.0,373.0,0.0,373.0,0.16594435901020552,12.68857754044952
BraTS-MEN-00052-000.nii.gz,0.0,373.0,0.0014863376375194087,34.88767653225563,0.639908227537709,17.511419543745404
BraTS-MEN-00053-000.nii.gz,0.0,373.0,0.0652870080231397,20.591260281974,0.8779148893117189,3.605551275463989
BraTS-MEN-00054-000.nii.gz,0.0,373.0,0.0,373.0,0.0,373.0
BraTS-MEN-00056-000.nii.gz,1.0,0.0,1.0,0.0,1.0,0.0
BraTS-MEN-00057-000.nii.gz,0.0,373.0,0.0,373.0,0.8156236965870356,7.0
BraTS-MEN-00059-000.nii.gz,0.0,373.0,0.0,373.0,0.10540456107466417,17.146428199482248
BraTS-MEN-00060-000.nii.gz,0.0,373.0,0.0,373.0,0.0,373.0
BraTS-MEN-00061-000.nii.gz,0.0,373.0,0.006562985460194446,27.367864366808018,0.09104244980287889,19.339079605813716
BraTS-MEN-00062-000.nii.gz,0.0,373.0,0.0,373.0,0.0,373.0
BraTS-MEN-00065-000.nii.gz,0.0,373.0,0.0,373.0,0.8330610475777681,5.830951894845301
BraTS-MEN-00066-000.nii.gz,0.0,373.0,0.0,373.0,0.9378839633146904,3.605551275463989
BraTS-MEN-00067-000.nii.gz,0.0,373.0,0.3679034622758543,11.532562594670797,0.6620570534686162,9.433981132056603
BraTS-MEN-00069-000.nii.gz,0.0,373.0,0.0,373.0,0.6115392415331575,10.04987562112089
BraTS-MEN-00070-000.nii.gz,0.0,373.0,0.0,373.0,0.0,373.0
BraTS-MEN-00071-000.nii.gz,0.0,373.0,0.014941596645904864,36.05897896441564,0.7578490794630396,8.602325267042627
BraTS-MEN-00073-000.nii.gz,0.0,373.0,0.0,373.0,0.0,373.0
BraTS-MEN-00074-000.nii.gz,0.0,373.0,0.0,373.0,0.0,6.4031242374328485
BraTS-MEN-00074-003.nii.gz,0.0,373.0,0.0,119.86638379617831,0.0009746588693957114,114.82704383743821
BraTS-MEN-00074-004.nii.gz,1.0,0.0,1.0,0.0,1.0,0.0
BraTS-MEN-00074-005.nii.gz,0.0,373.0,0.0,373.0,0.0,373.0
BraTS-MEN-00074-006.nii.gz,1.0,0.0,1.0,0.0,1.0,0.0
BraTS-MEN-00074-007.nii.gz,1.0,0.0,1.0,0.0,1.0,0.0
BraTS-MEN-00074-008.nii.gz,0.0,373.0,0.0,373.0,0.0,373.0
BraTS-MEN-00074-009.nii.gz,0.0,373.0,0.0,373.0,0.0,373.0
BraTS-MEN-00075-000.nii.gz,0.0,373.0,0.0,27.730849247724095,0.4298203435765179,14.142135623730951
BraTS-MEN-00076-000.nii.gz,0.0,373.0,0.03376815471039008,27.210290681535486,0.7503607503607503,11.575836902790225
BraTS-MEN-00077-000.nii.gz,1.0,0.0,1.0,0.0,1.0,0.0
BraTS-MEN-00078-000.nii.gz,0.0,373.0,0.01725349020985161,22.759613353482084,0.6804495507622953,6.164414002968976
BraTS-MEN-00081-000.nii.gz,0.0,373.0,0.0,373.0,0.0,373.0
BraTS-MEN-00083-000.nii.gz,0.0,373.0,0.0007854688267059401,24.919871588754223,0.03719921263005664,24.47651091988122
BraTS-MEN-00084-000.nii.gz,0.0,373.0,0.0,373.0,0.0,373.0
BraTS-MEN-00085-000.nii.gz,0.0,373.0,0.2614177280329345,13.92838827718412,0.27996654299011303,13.076696830622021
BraTS-MEN-00086-000.nii.gz,1.0,0.0,1.0,0.0,0.0,373.0
BraTS-MEN-00087-000.nii.gz,0.0,373.0,0.0,373.0,0.0,373.0
BraTS-MEN-00088-000.nii.gz,0.0,373.0,0.0,373.0,0.0,373.0
BraTS-MEN-00090-000.nii.gz,0.0,373.0,0.0,373.0,0.0,373.0
BraTS-MEN-00093-000.nii.gz,0.0,373.0,0.0,373.0,0.0,373.0
BraTS-MEN-00094-000.nii.gz,1.0,0.0,1.0,0.0,1.0,0.0
BraTS-MEN-00096-000.nii.gz,1.0,0.0,1.0,0.0,0.0,373.0
BraTS-MEN-00101-000.nii.gz,1.0,0.0,1.0,0.0,0.0,373.0
BraTS-MEN-00102-000.nii.gz,0.0,373.0,0.0,373.0,0.0,373.0
BraTS-MEN-00103-000.nii.gz,1.0,0.0,1.0,0.0,1.0,0.0
BraTS-MEN-00104-000.nii.gz,0.0,373.0,0.0,373.0,0.0,373.0
BraTS-MEN-00105-000.nii.gz,0.0,373.0,0.05568370795558178,17.916472867168917,0.7459576150730461,8.831760866327848
BraTS-MEN-00106-000.nii.gz,0.0,373.0,0.015347334410339256,9.486832980505138,0.05871748647952614,9.433981132056603
BraTS-MEN-00108-004.nii.gz,0.0,373.0,0.029784065524944156,9.433981132056603,0.029784065524944156,9.433981132056603
BraTS-MEN-00108-005.nii.gz,0.0,373.0,0.0,373.0,0.0,373.0
BraTS-MEN-00109-000.nii.gz,0.0,373.0,0.04473219540906415,11.445523142259598,0.7832466699907401,5.309559853363252
BraTS-MEN-00110-000.nii.gz,0.0,373.0,0.03840209806584555,17.72004514666935,0.38004416783778355,10.770329614269007
BraTS-MEN-00111-000.nii.gz,1.0,0.0,1.0,0.0,0.0,373.0
BraTS-MEN-00112-000.nii.gz,0.0,373.0,0.0,373.0,0.0,373.0
BraTS-MEN-00113-000.nii.gz,0.0,373.0,0.0,373.0,0.8939939275732411,5.744562646538029
BraTS-MEN-00114-000.nii.gz,1.0,0.0,1.0,0.0,0.0,373.0
BraTS-MEN-00119-000.nii.gz,0.0,373.0,0.0,373.0,0.0,373.0
BraTS-MEN-00122-000.nii.gz,0.0,373.0,0.012157774050077718,25.317977802344327,0.7813041659195505,15.937377450509228
BraTS-MEN-00123-000.nii.gz,0.0,373.0,0.0,373.0,0.0,373.0
BraTS-MEN-00125-000.nii.gz,0.0,373.0,0.0,373.0,0.21040462427745665,4.58257569495584
BraTS-MEN-00129-000.nii.gz,0.0,373.0,0.0,373.0,0.00012238404112103782,35.22782990761707
BraTS-MEN-00131-000.nii.gz,0.0,373.0,0.08259262041279618,22.15851980616034,0.7696689919940072,11.045361017187261
BraTS-MEN-00132-000.nii.gz,0.0,373.0,0.07365079365079365,7.0710678118654755,0.06559230986711903,7.810249675906654
BraTS-MEN-00133-000.nii.gz,1.0,0.0,1.0,0.0,1.0,0.0
BraTS-MEN-00136-000.nii.gz,0.0,373.0,0.0,373.0,0.0,373.0
BraTS-MEN-00138-000.nii.gz,1.0,0.0,1.0,0.0,1.0,0.0
BraTS-MEN-00140-000.nii.gz,0.0,373.0,0.0,373.0,0.0,373.0
BraTS-MEN-00141-000.nii.gz,1.0,0.0,1.0,0.0,0.0,373.0
BraTS-MEN-00144-000.nii.gz,0.0,373.0,0.00028038693396887705,97.90377927677085,0.03242547066176749,73.20928780486473
BraTS-MEN-00146-000.nii.gz,0.0,373.0,0.007168458781362007,10.488088481701515,0.9556661992922616,1.4142135623730951
BraTS-MEN-00147-000.nii.gz,0.0,373.0,0.0,373.0,0.0,373.0
BraTS-MEN-00150-000.nii.gz,0.0,373.0,0.07061564656331212,11.180339887498949,0.8039835658973437,4.47213595499958
BraTS-MEN-00152-000.nii.gz,0.0,373.0,0.021767522855899,14.430799244702552,0.6794777859188703,10.488088481701515
BraTS-MEN-00153-000.nii.gz,0.0,373.0,0.0,373.0,0.0,373.0
BraTS-MEN-00154-000.nii.gz,0.0,373.0,0.0,373.0,0.0,373.0
BraTS-MEN-00155-000.nii.gz,0.0,373.0,0.0,373.0,0.0,373.0
BraTS-MEN-00156-000.nii.gz,0.0,373.0,0.016903789266093816,16.1245154965971,0.9464453906450684,2.23606797749979
BraTS-MEN-00157-000.nii.gz,0.0,373.0,0.0,373.0,0.0,373.0
BraTS-MEN-00159-000.nii.gz,0.0,373.0,0.0,373.0,0.8438981415446575,5.385164807134504
BraTS-MEN-00161-000.nii.gz,0.0,373.0,0.0,373.0,0.8810073884876352,6.164414002968976
BraTS-MEN-00163-000.nii.gz,0.0,373.0,0.0,373.0,0.0,373.0
BraTS-MEN-00164-000.nii.gz,0.0,373.0,0.0,373.0,0.0,373.0
BraTS-MEN-00165-000.nii.gz,0.0,373.0,0.8406560882931393,6.782329983125268,0.8847390993566834,6.4031242374328485
BraTS-MEN-00166-000.nii.gz,0.0,373.0,0.14591308716402915,20.9117163331937,0.8170663283975312,11.661903789690601
BraTS-MEN-00167-000.nii.gz,0.0,373.0,0.0,373.0,0.787410748322047,15.033296378372908
BraTS-MEN-00168-000.nii.gz,0.0,373.0,0.0011790135586559245,17.72004514666935,0.0006788098201153976,22.38302928559939
BraTS-MEN-00169-000.nii.gz,0.0,373.0,0.0,373.0,0.6156559139784946,12.65305733065106
BraTS-MEN-00170-000.nii.gz,1.0,0.0,1.0,0.0,1.0,0.0
BraTS-MEN-00172-000.nii.gz,0.0,373.0,0.11641644105340881,10.0,0.04247867085765604,22.825424421026653
BraTS-MEN-00173-000.nii.gz,0.0,373.0,0.0,373.0,0.5141933165648581,8.94427190999916
BraTS-MEN-00174-000.nii.gz,0.0,373.0,0.0,373.0,0.0,373.0
BraTS-MEN-00175-000.nii.gz,0.0,373.0,0.0,373.0,0.0,373.0
BraTS-MEN-00176-000.nii.gz,0.0,373.0,0.007330889703432189,22.64950330581225,0.7436183860976843,11.40175425099138
BraTS-MEN-00177-000.nii.gz,0.0,373.0,0.07183763229028267,14.798648586948742,0.0460228940416789,22.58317958127243
BraTS-MEN-00178-000.nii.gz,0.0,373.0,0.0,373.0,0.0,373.0
BraTS-MEN-00179-000.nii.gz,1.0,0.0,1.0,0.0,0.0,373.0
BraTS-MEN-00181-000.nii.gz,0.0,373.0,0.13652173913043478,23.194827009486403,0.8172138496349741,7.14142842854285
BraTS-MEN-00183-000.nii.gz,1.0,0.0,1.0,0.0,1.0,0.0
BraTS-MEN-00187-000.nii.gz,0.0,373.0,0.0,373.0,0.0,373.0
BraTS-MEN-00191-000.nii.gz,0.0,373.0,0.0,373.0,0.0,373.0
BraTS-MEN-00192-000.nii.gz,0.0,373.0,0.019057519057519057,12.96148139681572,0.012161415146489774,22.702407367723307
BraTS-MEN-00194-000.nii.gz,0.0,373.0,0.0,373.0,0.0,373.0
BraTS-MEN-00195-000.nii.gz,0.0,373.0,0.0,373.0,0.0,373.0
BraTS-MEN-00196-000.nii.gz,0.0,373.0,0.004328310355883296,27.202941017470888,0.6626851469280948,12.409673645990857
BraTS-MEN-00198-000.nii.gz,0.0,373.0,0.0,373.0,0.582245102963335,16.822603841260722
BraTS-MEN-00199-000.nii.gz,1.0,0.0,1.0,0.0,1.0,0.0
BraTS-MEN-00200-000.nii.gz,0.0,373.0,0.0,373.0,0.0313021293298008,22.481100535908126
BraTS-MEN-00202-000.nii.gz,0.0,373.0,0.0,373.0,0.9377407436522286,6.107257972099461
BraTS-MEN-00204-000.nii.gz,0.0,373.0,0.0,373.0,0.8736805983354764,5.744562646538029
BraTS-MEN-00206-000.nii.gz,0.0,373.0,0.22436008218599382,13.601470508735444,0.515459873552079,10.488088481701515
BraTS-MEN-00207-000.nii.gz,0.0,373.0,0.0,373.0,0.3413500295587682,28.606816154775522
BraTS-MEN-00208-000.nii.gz,0.0,373.0,0.0,373.0,0.0,373.0
BraTS-MEN-00209-000.nii.gz,0.0,373.0,0.0,373.0,0.17582417582417584,6.708203932499369
BraTS-MEN-00210-000.nii.gz,0.0,373.0,0.0456548161652993,14.52583904633395,0.7294945905591285,6.4031242374328485
BraTS-MEN-00212-000.nii.gz,0.0,373.0,0.0,373.0,0.0,373.0
BraTS-MEN-00213-000.nii.gz,0.0,373.0,0.022312979380416376,21.876911327152605,0.8808386781929727,6.708203932499369
BraTS-MEN-00215-000.nii.gz,1.0,0.0,1.0,0.0,0.0,373.0
BraTS-MEN-00216-000.nii.gz,0.0,373.0,0.0010244589576130106,27.796581199410063,0.0008056394763343404,29.410882339705484
BraTS-MEN-00217-000.nii.gz,0.0,373.0,0.0,373.0,0.0,373.0
BraTS-MEN-00219-000.nii.gz,0.0,373.0,0.0,373.0,0.0,373.0
BraTS-MEN-00220-000.nii.gz,0.0,373.0,0.008460703945974746,41.6293165929973,0.34772520200634943,21.563858652847824
BraTS-MEN-00221-000.nii.gz,0.0,373.0,0.0,373.0,0.675454332735356,8.602325267042627
BraTS-MEN-00223-000.nii.gz,0.0,373.0,0.0013137727173199037,20.493901531919196,0.11810197928955302,16.401219466856727
BraTS-MEN-00224-000.nii.gz,0.0,373.0,0.002430293277283326,34.897707285999466,0.7562055907187111,12.569805089976535
BraTS-MEN-00225-000.nii.gz,0.0,373.0,0.0,373.0,0.0,373.0
BraTS-MEN-00226-000.nii.gz,0.0,373.0,0.00013281094362175444,39.102429592034305,0.44515503081485125,13.19090595827292
BraTS-MEN-00227-000.nii.gz,0.0,373.0,0.0,373.0,0.743415202030818,10.344080432788601
BraTS-MEN-00229-000.nii.gz,0.0,373.0,0.004725937803282839,31.160872901765767,0.49974662084343013,11.704699910719626
BraTS-MEN-00230-000.nii.gz,0.0,373.0,0.0,373.0,0.0,373.0
BraTS-MEN-00231-000.nii.gz,0.0,373.0,0.08386600180716844,15.362291495737216,0.8080222853933161,7.681145747868608
BraTS-MEN-00232-000.nii.gz,0.0,373.0,0.021027573894068636,15.913777967320636,0.01755257492962411,25.07579170416348
BraTS-MEN-00233-000.nii.gz,0.0,373.0,0.0,373.0,0.0,373.0
BraTS-MEN-00235-000.nii.gz,0.0,373.0,0.0,373.0,0.0,373.0
BraTS-MEN-00236-000.nii.gz,0.0,373.0,0.0,36.75458905772643,0.41360377408779553,17.46424919657298
BraTS-MEN-00237-000.nii.gz,0.0,373.0,0.018815412959115676,17.74541992903589,0.3746522294909392,8.709166309695824
BraTS-MEN-00238-000.nii.gz,0.0,373.0,0.23350748358968737,9.848857801796104,0.3053632016508264,9.433981132056603
BraTS-MEN-00239-000.nii.gz,0.0,373.0,0.0,373.0,0.0,373.0
BraTS-MEN-00243-000.nii.gz,1.0,0.0,1.0,0.0,1.0,0.0
BraTS-MEN-00244-000.nii.gz,0.0,373.0,0.0,373.0,0.0,373.0
BraTS-MEN-00245-000.nii.gz,0.0,373.0,0.5998395583134748,9.433981132056603,0.7593167487616761,8.306623862918075
BraTS-MEN-00246-000.nii.gz,0.0,373.0,0.0,373.0,0.0,373.0
BraTS-MEN-00247-000.nii.gz,0.0,373.0,0.0,373.0,0.0,373.0
BraTS-MEN-00253-000.nii.gz,0.0,373.0,0.018649916637586757,36.72124663074066,0.32255847630267775,21.118712081942874
BraTS-MEN-00255-000.nii.gz,0.0,373.0,0.00013080078106752124,40.3732584763727,0.08690261266478182,26.70205984563738
BraTS-MEN-00256-000.nii.gz,0.0,373.0,0.0,373.0,0.0,373.0
BraTS-MEN-00258-000.nii.gz,0.0,373.0,0.0,373.0,0.0,373.0
BraTS-MEN-00259-000.nii.gz,0.0,373.0,0.0,373.0,0.0,373.0
BraTS-MEN-00260-000.nii.gz,0.0,373.0,0.0,373.0,0.6336611256678725,20.55236292373397
BraTS-MEN-00263-000.nii.gz,0.0,373.0,0.0,373.0,0.0,373.0
BraTS-MEN-00266-000.nii.gz,0.0,373.0,0.0,373.0,0.0,373.0
BraTS-MEN-00267-000.nii.gz,0.0,373.0,0.0,373.0,0.10920436817472699,15.033296378372908
BraTS-MEN-00268-000.nii.gz,0.0,373.0,0.0,373.0,0.4023703270173385,13.152946437965905
BraTS-MEN-00269-000.nii.gz,0.0,373.0,0.0,373.0,0.0,373.0
BraTS-MEN-00270-000.nii.gz,0.0,373.0,0.0,373.0,0.6686856329158352,10.615940079631285
BraTS-MEN-00271-000.nii.gz,0.0,373.0,0.0,373.0,0.0,373.0
BraTS-MEN-00276-000.nii.gz,0.0,373.0,0.0,373.0,0.0,373.0
BraTS-MEN-00278-000.nii.gz,1.0,0.0,1.0,0.0,1.0,0.0
BraTS-MEN-00279-000.nii.gz,0.0,373.0,0.3166307437007649,13.152946437965905,0.644388359194865,12.727922061357855
BraTS-MEN-00281-000.nii.gz,0.0,373.0,0.0,373.0,0.0,373.0
BraTS-MEN-00284-000.nii.gz,0.0,373.0,0.0036251470728527364,22.293496809607955,0.011557578298101683,71.23622651759912
BraTS-MEN-00285-000.nii.gz,0.0,373.0,0.0,373.0,0.0,373.0
BraTS-MEN-00286-000.nii.gz,1.0,0.0,1.0,0.0,0.0,373.0
BraTS-MEN-00288-000.nii.gz,0.0,373.0,0.008074657488913893,15.39967096367077,0.49821866835563294,9.695359714832659
BraTS-MEN-00289-000.nii.gz,0.0,373.0,0.008790986712474106,16.30950643030009,0.047786596841502334,16.664327493501112
BraTS-MEN-00290-000.nii.gz,0.0,373.0,0.03263403263403263,5.656854249492381,0.020558002936857563,8.59940919095637
BraTS-MEN-00293-000.nii.gz,0.0,373.0,0.003580720060424651,29.68164415931166,0.7215138031037612,12.0
BraTS-MEN-00298-000.nii.gz,0.0,373.0,0.0,373.0,0.23535353535353534,26.07776797484006
BraTS-MEN-00299-000.nii.gz,0.0,373.0,0.0,373.0,0.0,373.0
BraTS-MEN-00302-000.nii.gz,0.0,373.0,0.0,373.0,0.09642690487300846,35.940919209135
BraTS-MEN-00303-000.nii.gz,0.0,373.0,0.0,373.0,0.761743550308066,11.704699910719626
BraTS-MEN-00304-000.nii.gz,0.0,373.0,0.0,373.0,0.0,373.0
BraTS-MEN-00305-000.nii.gz,1.0,0.0,0.0,373.0,0.0006256843422493353,80.25957880954397
BraTS-MEN-00306-000.nii.gz,0.0,373.0,0.5232112436115843,8.18535277187245,0.8728342595619484,9.0
BraTS-MEN-00307-000.nii.gz,0.0,373.0,0.0,373.0,0.0,373.0
BraTS-MEN-00308-000.nii.gz,1.0,0.0,1.0,0.0,1.0,0.0
BraTS-MEN-00311-000.nii.gz,1.0,0.0,1.0,0.0,0.0,373.0
BraTS-MEN-00312-000.nii.gz,0.0,373.0,0.14785706574543883,32.92870768993381,0.8786441194901866,6.708203932499369
BraTS-MEN-00313-000.nii.gz,0.0,373.0,0.7874803058308382,10.295630140987,0.8826959726093362,7.0
BraTS-MEN-00315-000.nii.gz,0.0,373.0,0.01592990840302668,12.539924337100384,0.10510857022972832,11.575836902790225
BraTS-MEN-00318-000.nii.gz,0.0,373.0,0.0,373.0,0.0,373.0
BraTS-MEN-00319-000.nii.gz,0.0,373.0,0.00944424264438794,8.306623862918075,0.009015256588072122,8.54400374531753
BraTS-MEN-00320-000.nii.gz,0.0,373.0,0.0,373.0,0.5238571675004312,28.879058156387302
BraTS-MEN-00321-000.nii.gz,0.0,373.0,0.0,373.0,0.0,373.0
BraTS-MEN-00322-000.nii.gz,0.0,373.0,0.0,373.0,0.0,373.0
BraTS-MEN-00324-000.nii.gz,0.0,373.0,0.0,373.0,0.0,373.0
BraTS-MEN-00326-000.nii.gz,0.0,373.0,0.006388925861839478,12.36931687685298,0.00591861898890259,12.727922061357855
BraTS-MEN-00327-000.nii.gz,0.0,373.0,0.0,373.0,0.6524091063065958,14.2828568570857
BraTS-MEN-00330-000.nii.gz,0.0,373.0,0.0,373.0,0.0,373.0
BraTS-MEN-00332-000.nii.gz,0.0,373.0,0.004272517321016166,33.29939896221738,0.014688440835690174,19.79898987322333
BraTS-MEN-00334-000.nii.gz,0.0,373.0,0.0,373.0,0.2945284508410761,19.313207915827967
BraTS-MEN-00335-000.nii.gz,0.0,373.0,0.14958448753462603,15.076464082485996,0.46318939276685756,14.966405325951056
BraTS-MEN-00336-000.nii.gz,0.0,373.0,0.0,373.0,0.0,373.0
BraTS-MEN-00338-000.nii.gz,0.0,373.0,0.0,373.0,0.2616744957170489,12.68857754044952
BraTS-MEN-00341-000.nii.gz,0.0,373.0,0.0,373.0,0.0,373.0
BraTS-MEN-00342-000.nii.gz,0.0,373.0,0.1367504741526042,12.206555615733702,0.12532926660196866,33.95732587372196
BraTS-MEN-00344-000.nii.gz,0.0,373.0,0.011551684620673849,18.841443681416774,0.8308343253295175,7.0
BraTS-MEN-00345-000.nii.gz,0.0,373.0,0.0,373.0,0.9198359103818239,3.0
BraTS-MEN-00346-000.nii.gz,0.0,373.0,0.0,373.0,0.6241030190747071,10.198039027185569
BraTS-MEN-00349-000.nii.gz,0.0,373.0,0.0,373.0,0.20150435471100553,24.166091947189145
BraTS-MEN-00350-000.nii.gz,0.0,373.0,0.0,373.0,0.0,373.0
BraTS-MEN-00351-000.nii.gz,0.0,373.0,0.015343915343915344,13.601470508735444,0.01529535864978903,13.601470508735444
BraTS-MEN-00352-000.nii.gz,0.0,373.0,0.0,373.0,0.5799159679150221,24.772967412593324
BraTS-MEN-00353-000.nii.gz,0.0,373.0,0.01133971616758335,27.22498753085641,0.7789897792545981,10.488088481701515
BraTS-MEN-00354-000.nii.gz,0.0,373.0,0.40648738741626333,17.12307985479537,0.7242228321828179,14.2828568570857
BraTS-MEN-00356-000.nii.gz,0.0,373.0,0.024476904855902093,9.433981132056603,0.01817648783347992,15.394804318340652
BraTS-MEN-00357-000.nii.gz,0.0,373.0,0.0,373.0,0.0,373.0
BraTS-MEN-00358-000.nii.gz,0.0,373.0,0.006114895671297538,17.4928556845359,0.0467659118614015,17.271358490879628
BraTS-MEN-00359-000.nii.gz,0.0,373.0,0.0,373.0,0.0,373.0
BraTS-MEN-00362-000.nii.gz,1.0,0.0,1.0,0.0,1.0,0.0
BraTS-MEN-00363-000.nii.gz,0.0,373.0,0.022318314967219977,58.89821729050889,0.11942598478281807,86.11271654898879
BraTS-MEN-00364-000.nii.gz,0.0,373.0,0.44928020704157007,13.6564880140816,0.4397386617958471,12.36931687685298
BraTS-MEN-00366-000.nii.gz,0.0,373.0,0.0011217049915872126,13.638181696985855,0.0008347245409015025,14.035668847618199
BraTS-MEN-00367-000.nii.gz,0.0,373.0,0.0,373.0,0.0,373.0
BraTS-MEN-00369-000.nii.gz,0.0,373.0,0.25466148170306113,22.135943621178654,0.45546131485684704,22.11334438749598
BraTS-MEN-00370-000.nii.gz,0.0,373.0,0.04590932117527862,28.178005607210743,0.6314755489077656,15.0
BraTS-MEN-00371-000.nii.gz,0.0,373.0,0.0,373.0,0.8527733394202237,4.0
BraTS-MEN-00372-000.nii.gz,0.0,373.0,0.0,42.532340636273474,0.352884020846215,10.198039027185569
BraTS-MEN-00375-000.nii.gz,0.0,373.0,0.0116335433834222,14.798648586948742,0.7686698052247761,7.3484692283495345
BraTS-MEN-00378-000.nii.gz,0.0,373.0,0.09424766736117401,20.024984394500787,0.6496216542626538,12.767145334803704
BraTS-MEN-00379-000.nii.gz,0.0,373.0,0.0,373.0,0.806938669187948,8.12403840463596
BraTS-MEN-00380-000.nii.gz,0.0,373.0,0.0,373.0,0.0,373.0
BraTS-MEN-00381-000.nii.gz,0.0,373.0,0.05352380952380952,11.045361017187261,0.599261610207915,9.219544457292887
BraTS-MEN-00382-000.nii.gz,0.0,373.0,0.0,373.0,0.791801948051948,9.695359714832659
BraTS-MEN-00383-000.nii.gz,0.0,373.0,0.0,373.0,0.0,373.0
BraTS-MEN-00385-000.nii.gz,0.0,373.0,0.0,373.0,0.033317366544254615,100.2327287089855
BraTS-MEN-00387-000.nii.gz,1.0,0.0,1.0,0.0,0.0,373.0
BraTS-MEN-00388-000.nii.gz,0.0,373.0,0.03785393428557008,19.839350985407116,0.7897962077627421,8.54400374531753
BraTS-MEN-00389-000.nii.gz,0.0,373.0,0.0,373.0,0.012592592592592593,72.84366817000688
BraTS-MEN-00390-000.nii.gz,0.0,373.0,0.003955634840611184,21.118712081942874,0.8343305486565816,7.483314773547883
BraTS-MEN-00393-000.nii.gz,0.0,373.0,0.03644646924829157,13.038404810405298,0.023018571802249543,13.601470508735444
BraTS-MEN-00396-000.nii.gz,0.0,373.0,0.0,373.0,0.04076898292342391,36.59234892706397
BraTS-MEN-00397-000.nii.gz,0.0,373.0,0.0005680299385191125,47.013827500531335,0.8072644873948642,6.082762530298219
BraTS-MEN-00398-000.nii.gz,0.0,373.0,0.0,373.0,0.893239268416746,5.830951894845301
BraTS-MEN-00399-000.nii.gz,0.0,373.0,0.0,373.0,0.0,373.0
BraTS-MEN-00400-000.nii.gz,0.0,373.0,0.0,373.0,0.8646426010040641,7.874007874011811
BraTS-MEN-00401-000.nii.gz,0.0,373.0,0.0,373.0,0.0,373.0
BraTS-MEN-00402-000.nii.gz,1.0,0.0,1.0,0.0,0.0,108.2136767041696
BraTS-MEN-00403-000.nii.gz,1.0,0.0,1.0,0.0,0.0,373.0
BraTS-MEN-00404-000.nii.gz,0.0,373.0,0.05355947333184557,9.486832980505138,0.04754358161648178,11.045361017187261
BraTS-MEN-00405-000.nii.gz,0.0,373.0,0.38165644087946327,14.352700094407323,0.5724031866586005,19.261360284258224
BraTS-MEN-00406-000.nii.gz,0.0,373.0,0.00023803147966318546,36.78314831549904,0.6390415586773026,11.513015808953133
BraTS-MEN-00408-000.nii.gz,0.0,373.0,0.0,373.0,0.41192644784327204,18.68956526474949
BraTS-MEN-00409-000.nii.gz,0.0,373.0,0.0,373.0,0.0,373.0
BraTS-MEN-00410-000.nii.gz,0.0,373.0,0.0,373.0,0.0,373.0
BraTS-MEN-00412-000.nii.gz,0.0,373.0,0.0,373.0,0.878763834543171,6.0
BraTS-MEN-00414-000.nii.gz,0.0,373.0,0.008556759840273816,17.51568492063523,0.008154389779831475,17.916472867168917
BraTS-MEN-00415-000.nii.gz,0.0,373.0,0.005683399832977638,36.433498895223885,0.6480607428688693,18.708286933869708
BraTS-MEN-00416-000.nii.gz,0.0,373.0,0.0059080704241994565,13.74772708486752,0.8103092085210146,5.916079783099616
BraTS-MEN-00417-000.nii.gz,0.0,373.0,0.0,373.0,0.16828705731219526,28.523673084731136
BraTS-MEN-00418-000.nii.gz,0.0,373.0,0.0,373.0,0.0,373.0
BraTS-MEN-00419-000.nii.gz,0.0,373.0,0.005020350348735051,102.9616433332222,0.26278852327899876,20.639767440550294
BraTS-MEN-00420-000.nii.gz,0.0,373.0,0.0,373.0,0.0,373.0
BraTS-MEN-00421-000.nii.gz,0.0,373.0,0.010423527390395464,21.400934559032695,0.5567019806540765,11.704699910719626
BraTS-MEN-00423-000.nii.gz,0.0,373.0,0.0,373.0,0.002657967862752205,68.97717008764604
BraTS-MEN-00424-000.nii.gz,0.0,373.0,0.0,373.0,0.0,373.0
BraTS-MEN-00425-000.nii.gz,0.0,373.0,0.0,373.0,0.9241951937184265,4.69041575982343
BraTS-MEN-00426-000.nii.gz,0.0,373.0,0.6722363633524369,9.219544457292887,0.930633053175149,3.1622776601683795
BraTS-MEN-00428-000.nii.gz,0.0,373.0,0.00211991661661308,28.089143810376278,0.4718546677388698,15.524174696260024
BraTS-MEN-00429-000.nii.gz,0.0,373.0,0.0,373.0,0.0,373.0
BraTS-MEN-00431-000.nii.gz,0.0,373.0,0.0007673860911270983,51.96152422706632,0.20303727020653042,11.74734012447073
BraTS-MEN-00433-000.nii.gz,0.0,373.0,0.0017801047120418849,27.49545416973504,0.6936553098687156,14.594519519326424
BraTS-MEN-00434-000.nii.gz,0.0,373.0,0.0,373.0,0.08282131133742951,37.456641600656084
BraTS-MEN-00435-000.nii.gz,0.0,373.0,0.0,373.0,0.0,373.0
BraTS-MEN-00437-000.nii.gz,0.0,373.0,0.0,373.0,0.0,373.0
BraTS-MEN-00438-000.nii.gz,0.0,373.0,0.0,373.0,0.6795868442511552,45.54777626684295
BraTS-MEN-00440-000.nii.gz,0.0,373.0,0.11798605973287644,10.816653826391969,0.17830271216097987,9.0
BraTS-MEN-00441-000.nii.gz,0.0,373.0,0.012467424780857616,23.388031127053,0.5764713516319512,12.041594578792296
BraTS-MEN-00443-000.nii.gz,0.0,373.0,0.0,373.0,0.812680320569902,6.557438524302
BraTS-MEN-00444-000.nii.gz,0.0,373.0,0.12373604973410232,12.083045973594572,0.902467223082946,6.082762530298219
BraTS-MEN-00445-000.nii.gz,0.0,373.0,0.0,373.0,0.8670198437640299,4.47213595499958
BraTS-MEN-00446-000.nii.gz,0.0,373.0,0.0,373.0,0.0,373.0
BraTS-MEN-00451-000.nii.gz,1.0,0.0,0.0,373.0,0.044541010320478004,88.16461875378354
BraTS-MEN-00455-000.nii.gz,0.0,373.0,0.0,373.0,0.8871678706991551,3.1622776601683795
BraTS-MEN-00457-000.nii.gz,0.0,373.0,0.0,373.0,0.0,89.80531915668692
BraTS-MEN-00459-000.nii.gz,0.0,373.0,0.0,373.0,0.8896767307105825,2.449489742783178
BraTS-MEN-00461-000.nii.gz,1.0,0.0,1.0,0.0,0.0,373.0
BraTS-MEN-00462-000.nii.gz,0.0,373.0,0.0,373.0,0.482239348037913,8.06225774829855
BraTS-MEN-00465-000.nii.gz,0.0,373.0,0.0,373.0,0.750212773152819,11.045361017187261
BraTS-MEN-00466-000.nii.gz,0.0,373.0,0.05325945609769887,17.233687939614086,0.034817963407872854,27.614241620276427
BraTS-MEN-00467-000.nii.gz,1.0,0.0,1.0,0.0,0.0,373.0
BraTS-MEN-00468-000.nii.gz,0.0,373.0,0.056442227763923526,13.076696830622021,0.6230479346598824,9.433981132056603
BraTS-MEN-00470-000.nii.gz,0.0,373.0,0.0,373.0,0.19853212239016052,9.1104335791443
BraTS-MEN-00471-000.nii.gz,0.0,373.0,0.0,373.0,0.6458470644490107,13.152946437965905
BraTS-MEN-00472-000.nii.gz,0.0,373.0,0.1244749904543719,8.774964387392123,0.12171708023908712,57.531730316420955
BraTS-MEN-00474-000.nii.gz,0.0,373.0,0.0,373.0,0.011292834890965732,14.594519519326424
BraTS-MEN-00475-000.nii.gz,0.0,373.0,0.0,373.0,0.15770462754719553,10.344080432788601
BraTS-MEN-00476-000.nii.gz,0.0,373.0,0.034084661902144035,16.30950643030009,0.9306540018933518,3.3166247903554
BraTS-MEN-00478-000.nii.gz,1.0,0.0,1.0,0.0,0.0,373.0
BraTS-MEN-00481-000.nii.gz,0.0,373.0,0.0,373.0,0.02823944697749669,33.61547262794322
BraTS-MEN-00482-000.nii.gz,0.0,373.0,0.032491612219671555,9.695359714832659,0.763416477702192,5.916079783099616
BraTS-MEN-00484-000.nii.gz,0.0,373.0,0.012723125536233703,22.02271554554524,0.6812028133684185,10.488088481701515
BraTS-MEN-00487-000.nii.gz,1.0,0.0,1.0,0.0,1.0,0.0
BraTS-MEN-00488-000.nii.gz,0.0,373.0,0.28464362600159004,20.0,0.41252620248144584,18.618534739836587
BraTS-MEN-00490-000.nii.gz,0.0,373.0,0.0,373.0,0.8668429129252321,6.782329983125268
BraTS-MEN-00491-000.nii.gz,0.0,373.0,0.0,373.0,0.48386122378527663,11.86801470891213
BraTS-MEN-00492-000.nii.gz,0.0,373.0,0.0,373.0,0.4238018079481494,16.788385472320652
BraTS-MEN-00493-000.nii.gz,0.0,373.0,0.060122939779100236,20.049937655763422,0.5845998022523935,13.19090595827292
BraTS-MEN-00495-000.nii.gz,1.0,0.0,1.0,0.0,1.0,0.0
BraTS-MEN-00496-000.nii.gz,0.0,373.0,0.0,373.0,0.38043598539338275,10.63014581273465
BraTS-MEN-00497-000.nii.gz,0.0,373.0,0.19285714285714287,8.246211251235321,0.23538241113461145,7.0
BraTS-MEN-00498-000.nii.gz,0.0,373.0,0.0,373.0,0.34405299030431025,7.3484692283495345
BraTS-MEN-00501-000.nii.gz,0.0,373.0,0.0,373.0,0.0,373.0
BraTS-MEN-00502-000.nii.gz,0.0,373.0,0.015907447577729574,9.433981132056603,0.13723801320700546,10.35848123767988
BraTS-MEN-00503-000.nii.gz,0.0,373.0,0.0,373.0,0.0018404101485473905,27.19742504367053
BraTS-MEN-00504-000.nii.gz,1.0,0.0,1.0,0.0,0.0,373.0
BraTS-MEN-00505-000.nii.gz,0.0,373.0,0.0,373.0,0.0,373.0
BraTS-MEN-00506-000.nii.gz,1.0,0.0,1.0,0.0,1.0,0.0
BraTS-MEN-00508-000.nii.gz,0.0,373.0,0.0,373.0,0.0,373.0
BraTS-MEN-00509-000.nii.gz,0.0,373.0,0.0,373.0,0.5465826026112459,14.544748449058822
BraTS-MEN-00510-000.nii.gz,0.0,373.0,0.0019047619047619048,42.59107887809371,0.7756177606177607,11.575836902790225
BraTS-MEN-00511-000.nii.gz,0.0,373.0,0.0,373.0,0.7856532877882152,8.306623862918075
BraTS-MEN-00512-000.nii.gz,0.0,373.0,0.018107476635514017,22.20360331117452,0.6945695439824612,11.74734012447073
BraTS-MEN-00514-000.nii.gz,0.0,373.0,0.02657279127867363,13.834699148012765,0.04150860582499922,18.81488772222678
BraTS-MEN-00515-000.nii.gz,1.0,0.0,1.0,0.0,0.0,373.0
BraTS-MEN-00516-000.nii.gz,0.0,373.0,0.0,373.0,0.2796900200621533,29.732137494637012
BraTS-MEN-00517-000.nii.gz,0.0,373.0,0.0,373.0,0.0,373.0
BraTS-MEN-00518-000.nii.gz,0.0,373.0,0.0,373.0,0.0,373.0
BraTS-MEN-00520-000.nii.gz,0.0,373.0,0.0,373.0,0.32198474245003467,95.98671779618424
BraTS-MEN-00521-000.nii.gz,0.0,373.0,0.0,373.0,0.17316017316017315,9.433981132056603
BraTS-MEN-00523-000.nii.gz,0.0,373.0,0.0,373.0,0.42965615721117884,7.14142842854285
BraTS-MEN-00524-000.nii.gz,0.0,373.0,0.001367053998632946,108.370649620247,0.0010784578053383662,108.38817269467295
BraTS-MEN-00525-000.nii.gz,1.0,0.0,1.0,0.0,0.0,373.0
BraTS-MEN-00527-000.nii.gz,0.0,373.0,0.26799224660789095,9.273618495495704,0.8290378870241282,6.082762530298219
BraTS-MEN-00529-000.nii.gz,1.0,0.0,1.0,0.0,1.0,0.0
BraTS-MEN-00530-000.nii.gz,0.0,373.0,0.0,373.0,0.0,373.0
BraTS-MEN-00532-000.nii.gz,1.0,0.0,1.0,0.0,0.0,373.0
BraTS-MEN-00533-000.nii.gz,1.0,0.0,1.0,0.0,0.0,373.0
BraTS-MEN-00534-000.nii.gz,1.0,0.0,1.0,0.0,1.0,0.0
BraTS-MEN-00535-000.nii.gz,0.0,373.0,0.0,373.0,0.4125620860927152,10.677078252031311
BraTS-MEN-00540-000.nii.gz,0.0,373.0,0.003939195974999757,43.46262762420146,0.7319438440865267,11.357816691600547
BraTS-MEN-00541-000.nii.gz,0.0,373.0,0.272755905511811,6.48074069840786,0.23784674539961548,12.083045973594572
BraTS-MEN-00542-000.nii.gz,0.0,373.0,0.0020510681197962836,32.29551052391029,0.52155884046842,10.770329614269007
BraTS-MEN-00544-000.nii.gz,0.0,373.0,0.005912883516194731,15.678004881586196,0.02395105904080337,22.11334438749598
BraTS-MEN-00545-000.nii.gz,0.0,373.0,0.0,373.0,0.8478230748475265,11.575836902790225
BraTS-MEN-00547-000.nii.gz,0.0,373.0,0.0,373.0,0.0,373.0
BraTS-MEN-00548-000.nii.gz,0.0,373.0,0.0,373.0,0.0,373.0
BraTS-MEN-00549-000.nii.gz,0.0,373.0,0.1100099536936859,14.2828568570857,0.7841884757735735,9.273618495495704
BraTS-MEN-00551-000.nii.gz,0.0,373.0,0.0,373.0,0.6078853046594982,12.328828005937952
BraTS-MEN-00552-000.nii.gz,0.0,373.0,0.0,373.0,0.70460794017376,9.273618495495704
BraTS-MEN-00553-000.nii.gz,0.0,373.0,0.0,373.0,0.8487643266475645,3.0
BraTS-MEN-00554-000.nii.gz,0.0,373.0,0.0,373.0,0.6045348449483161,8.602325267042627
BraTS-MEN-00555-000.nii.gz,1.0,0.0,1.0,0.0,1.0,0.0
BraTS-MEN-00557-000.nii.gz,0.0,373.0,0.0,373.0,0.7197970183124783,9.273618495495704
BraTS-MEN-00558-000.nii.gz,0.0,373.0,0.0,373.0,0.0,373.0
BraTS-MEN-00559-000.nii.gz,0.0,373.0,0.0,373.0,0.0,373.0
BraTS-MEN-00561-000.nii.gz,0.0,373.0,0.00010975944388548431,49.034681349497795,0.0545187949880032,26.30589287593181
BraTS-MEN-00562-000.nii.gz,0.0,373.0,0.0,373.0,0.4751247419831944,23.07812165770545
BraTS-MEN-00563-000.nii.gz,0.0,373.0,0.0,373.0,0.0,373.0
BraTS-MEN-00564-000.nii.gz,0.0,373.0,0.0,373.0,0.0,373.0
BraTS-MEN-00566-000.nii.gz,0.0,373.0,0.0,373.0,0.7959632150961423,7.0710678118654755
BraTS-MEN-00571-000.nii.gz,0.0,373.0,0.0,373.0,0.007998286081553953,24.186773244895647
BraTS-MEN-00572-000.nii.gz,0.0,373.0,0.06283407327288049,14.491376746189438,0.5858270216111384,8.12403840463596
BraTS-MEN-00573-000.nii.gz,0.0,373.0,0.0,373.0,0.0,373.0
BraTS-MEN-00574-000.nii.gz,0.0,373.0,0.0,373.0,0.007420057711559979,18.973665961010276
BraTS-MEN-00575-000.nii.gz,1.0,0.0,1.0,0.0,1.0,0.0
BraTS-MEN-00576-000.nii.gz,1.0,0.0,1.0,0.0,1.0,0.0
BraTS-MEN-00576-005.nii.gz,1.0,0.0,1.0,0.0,1.0,0.0
BraTS-MEN-00576-006.nii.gz,1.0,0.0,1.0,0.0,1.0,0.0
BraTS-MEN-00576-007.nii.gz,1.0,0.0,1.0,0.0,0.0,373.0
BraTS-MEN-00576-009.nii.gz,1.0,0.0,1.0,0.0,1.0,0.0
BraTS-MEN-00578-000.nii.gz,0.0,373.0,0.0,373.0,0.0,373.0
BraTS-MEN-00579-000.nii.gz,0.0,373.0,0.02165373191530133,15.0,0.804648441655143,7.280109889280518
BraTS-MEN-00580-000.nii.gz,0.0,373.0,0.0,373.0,0.36753483742534837,12.884098726725126
BraTS-MEN-00583-000.nii.gz,1.0,0.0,1.0,0.0,1.0,0.0
BraTS-MEN-00584-000.nii.gz,0.0,373.0,0.0025632553342745286,34.07345007480164,0.6633389418582912,15.909114093579056
BraTS-MEN-00587-000.nii.gz,0.0,373.0,0.0,373.0,0.11773435567647786,15.394804318340652
BraTS-MEN-00588-000.nii.gz,0.0,373.0,0.0,373.0,0.029102247628946344,23.874672772626646
BraTS-MEN-00589-000.nii.gz,0.0,373.0,0.016515401367052276,25.709920264364882,0.6730680998885757,13.152946437965905
BraTS-MEN-00590-000.nii.gz,0.0,373.0,0.3164083377872795,84.56003047551602,0.24074827165514437,85.19859073727437
BraTS-MEN-00594-000.nii.gz,0.0,373.0,0.0,373.0,0.0,373.0
BraTS-MEN-00596-000.nii.gz,0.0,373.0,0.0,373.0,0.6852792562150508,16.583123951777
BraTS-MEN-00596-001.nii.gz,0.0,373.0,0.0,373.0,0.6312734096123258,17.2148136260203
BraTS-MEN-00598-000.nii.gz,0.0,373.0,0.0,373.0,0.8928088831443511,4.47213595499958
BraTS-MEN-00599-000.nii.gz,0.0,373.0,8.853631759747849e-05,51.56549233741495,0.5804363929355807,15.905973720586866
BraTS-MEN-00601-000.nii.gz,0.0,373.0,0.01497682158564127,28.705400188814647,0.8200558646321475,5.830951894845301
BraTS-MEN-00602-000.nii.gz,0.0,373.0,0.1293647026917079,12.529964086141668,0.3166654320073092,11.090536506409418
BraTS-MEN-00603-000.nii.gz,1.0,0.0,1.0,0.0,1.0,0.0
BraTS-MEN-00604-000.nii.gz,0.0,373.0,0.006507592190889371,13.96424004376894,0.2782509937535491,14.45683229480096
BraTS-MEN-00606-000.nii.gz,0.0,373.0,0.0,373.0,0.0,373.0
BraTS-MEN-00607-000.nii.gz,0.0,373.0,0.1412883700821444,12.24744871391589,0.5997458703939009,9.433981132056603
BraTS-MEN-00608-000.nii.gz,0.0,373.0,0.0,373.0,0.20336953733002652,14.352700094407323
BraTS-MEN-00609-000.nii.gz,0.0,373.0,0.0,373.0,0.0,373.0
BraTS-MEN-00610-000.nii.gz,0.0,373.0,0.002280718426304286,31.409392500942335,0.6812060697628588,10.0
BraTS-MEN-00611-000.nii.gz,0.0,373.0,0.0,373.0,0.8321159984850944,6.164414002968976
BraTS-MEN-00612-000.nii.gz,0.0,373.0,0.0,373.0,0.0,373.0
BraTS-MEN-00613-000.nii.gz,0.0,373.0,0.002216867469879518,23.53720459187964,0.4864416421731298,13.038404810405298
BraTS-MEN-00614-000.nii.gz,0.0,373.0,0.020580241046206753,28.035691537752374,0.4247065502233487,15.165750888103101
BraTS-MEN-00615-000.nii.gz,0.0,373.0,0.0,373.0,0.0,373.0
BraTS-MEN-00616-000.nii.gz,0.0,373.0,0.01699421965317919,25.495097567963924,0.2604643753235891,15.803474685146297
BraTS-MEN-00618-000.nii.gz,0.0,373.0,0.0,373.0,0.0,373.0
BraTS-MEN-00619-000.nii.gz,0.0,373.0,0.05091937765205092,21.40326963169228,0.04432284541723666,21.93171219946131
BraTS-MEN-00620-000.nii.gz,0.0,373.0,0.0,373.0,0.6602136534027913,11.694000880462369
BraTS-MEN-00621-000.nii.gz,0.0,373.0,0.003826081119632159,25.768197453450252,0.8314090299815551,4.69041575982343
BraTS-MEN-00622-000.nii.gz,0.0,373.0,0.0,373.0,0.0,373.0
BraTS-MEN-00623-000.nii.gz,0.0,373.0,0.0,373.0,0.0,373.0
BraTS-MEN-00625-000.nii.gz,0.0,373.0,0.023727429452862717,18.4824193303919,0.516339666697662,9.695359714832659
BraTS-MEN-00626-000.nii.gz,0.0,373.0,0.09454597783853792,27.202941017470888,0.5612221126250936,22.313671924940003
BraTS-MEN-00627-000.nii.gz,0.0,373.0,0.0,373.0,0.0699268386599923,25.56364419172506
BraTS-MEN-00628-000.nii.gz,1.0,0.0,1.0,0.0,1.0,0.0
BraTS-MEN-00629-000.nii.gz,0.0,373.0,0.0,373.0,0.0,373.0
BraTS-MEN-00630-000.nii.gz,0.0,373.0,0.0,373.0,0.7949302915082382,8.48528137423857
BraTS-MEN-00631-000.nii.gz,0.0,373.0,0.0,373.0,0.0,373.0
BraTS-MEN-00632-000.nii.gz,0.0,373.0,0.1887117621714778,7.3484692283495345,0.15242934264845984,10.04987562112089
BraTS-MEN-00633-000.nii.gz,0.0,373.0,0.0,373.0,0.0,373.0
BraTS-MEN-00634-000.nii.gz,0.0,373.0,0.0,373.0,0.0,7.4656588145996645
BraTS-MEN-00636-000.nii.gz,0.0,373.0,0.0005783225433340295,33.77869150810907,0.21090488096264456,16.55294535724685
BraTS-MEN-00637-000.nii.gz,0.0,373.0,0.0,373.0,0.0,373.0
BraTS-MEN-00638-000.nii.gz,0.0,373.0,0.0,373.0,0.779670775969319,7.874007874011811
BraTS-MEN-00639-000.nii.gz,0.0,373.0,0.04303698038323997,14.441250057975683,0.6935991487931904,7.0
BraTS-MEN-00640-000.nii.gz,0.0,373.0,0.0,373.0,0.33933183995884286,18.949915846346638
BraTS-MEN-00641-000.nii.gz,0.0,373.0,0.060428061412919225,25.99038105676658,0.08430506058446187,20.615528128088304
BraTS-MEN-00643-000.nii.gz,0.0,373.0,0.0692010692010692,10.153698687214993,0.3768944809837003,5.656854249492381
BraTS-MEN-00644-000.nii.gz,0.0,373.0,0.0,373.0,0.0,373.0
BraTS-MEN-00645-000.nii.gz,0.0,373.0,6.795440259585817e-05,34.08812109811862,6.3441712926249e-05,35.0
BraTS-MEN-00646-000.nii.gz,0.0,373.0,0.0,373.0,0.6833595001861353,7.0710678118654755
BraTS-MEN-00648-000.nii.gz,1.0,0.0,1.0,0.0,1.0,0.0
BraTS-MEN-00650-000.nii.gz,0.0,373.0,0.0,373.0,0.0,373.0
BraTS-MEN-00653-000.nii.gz,1.0,0.0,1.0,0.0,0.0,373.0
BraTS-MEN-00655-000.nii.gz,0.0,373.0,0.0346128170894526,17.46424919657298,0.8214970504015082,6.4031242374328485
BraTS-MEN-00656-000.nii.gz,0.0,373.0,0.0033200308528119654,34.07345007480164,0.7210053583130951,9.1104335791443
BraTS-MEN-00658-000.nii.gz,0.0,373.0,0.0,373.0,0.0,373.0
BraTS-MEN-00659-000.nii.gz,1.0,0.0,1.0,0.0,1.0,0.0
BraTS-MEN-00662-000.nii.gz,0.0,373.0,0.0005334123573862795,29.011203567110975,0.01482010534773681,26.720778431774775
BraTS-MEN-00663-000.nii.gz,1.0,0.0,1.0,0.0,0.0,373.0
BraTS-MEN-00664-000.nii.gz,0.0,373.0,0.0,373.0,0.028243752139678193,42.35563716909474
BraTS-MEN-00665-000.nii.gz,0.0,373.0,0.004344579458285249,33.481338085566414,0.6460079118635417,16.792855623746664
BraTS-MEN-00666-000.nii.gz,0.0,373.0,0.0,373.0,0.44825822946628313,11.832159566199232
BraTS-MEN-00667-000.nii.gz,0.0,373.0,0.0,373.0,0.03160270880361174,9.825953327997574
BraTS-MEN-00668-000.nii.gz,1.0,0.0,1.0,0.0,1.0,0.0
BraTS-MEN-00669-000.nii.gz,0.0,373.0,0.3879877950859162,15.132745950421556,0.7371761132081146,10.099504938362077
BraTS-MEN-00670-000.nii.gz,0.0,373.0,0.0002906906324943679,41.930889836202944,0.447258615865601,18.05547008526779
BraTS-MEN-00671-000.nii.gz,0.0,373.0,0.0,373.0,0.0,373.0
BraTS-MEN-00672-000.nii.gz,0.0,373.0,0.0,373.0,0.5499211874661142,23.430749027719962
BraTS-MEN-00673-000.nii.gz,0.0,373.0,0.47334232748713334,29.58462348009793,0.8569838440381032,6.708203932499369
BraTS-MEN-00674-000.nii.gz,0.0,373.0,0.0,373.0,0.0,373.0
BraTS-MEN-00676-000.nii.gz,1.0,0.0,1.0,0.0,0.0,55.176225479645844
BraTS-MEN-00677-000.nii.gz,0.0,373.0,0.002216312056737589,29.899832775452108,0.10094957131003965,23.2163735324878
BraTS-MEN-00681-000.nii.gz,0.0,373.0,0.0,373.0,0.0,373.0
BraTS-MEN-00682-000.nii.gz,0.0,373.0,0.0,373.0,0.0,373.0
BraTS-MEN-00683-000.nii.gz,0.0,373.0,0.0022011229457740305,30.14962686336267,0.31306404721537645,13.379088160259652
BraTS-MEN-00684-000.nii.gz,0.0,373.0,0.0,373.0,0.0,373.0
BraTS-MEN-00685-000.nii.gz,0.0,373.0,0.0,373.0,0.2519421504469327,15.28560618437173
BraTS-MEN-00686-000.nii.gz,0.0,373.0,0.023051381380103018,29.068883707497267,0.7433907832176896,18.708286933869708
BraTS-MEN-00687-000.nii.gz,0.0,373.0,0.0,373.0,0.0,373.0
BraTS-MEN-00688-000.nii.gz,0.0,373.0,0.0,373.0,0.9214059105755856,3.3166247903554
BraTS-MEN-00689-000.nii.gz,0.0,373.0,0.0,373.0,0.0,373.0
BraTS-MEN-00690-000.nii.gz,0.0,373.0,0.0,373.0,0.0,373.0
BraTS-MEN-00691-000.nii.gz,0.0,373.0,0.0,373.0,0.7449394136578674,77.52483253367562
BraTS-MEN-00693-000.nii.gz,0.0,373.0,0.007558622269304549,24.393646305109264,0.6204977838390726,43.657759905886145
BraTS-MEN-00696-000.nii.gz,0.0,373.0,0.0,373.0,0.8422175603399514,7.211102550927978
BraTS-MEN-00697-000.nii.gz,0.0,373.0,0.0,373.0,0.1295027095951546,78.98385881952564
BraTS-MEN-00698-000.nii.gz,0.0,373.0,0.0,373.0,0.0,373.0
BraTS-MEN-00702-000.nii.gz,0.0,373.0,0.0,373.0,0.0,373.0
BraTS-MEN-00703-000.nii.gz,1.0,0.0,1.0,0.0,0.0,77.01947067254314
BraTS-MEN-00704-000.nii.gz,0.0,373.0,0.0,373.0,0.15591453882230327,9.57588257555767
BraTS-MEN-00705-000.nii.gz,0.0,373.0,0.19691161975687219,18.35755975068582,0.29822265837967504,16.0312195418814
BraTS-MEN-00706-000.nii.gz,0.0,373.0,0.11706297360857068,18.49324200890693,0.2738305050606778,13.535091005043165
BraTS-MEN-00708-000.nii.gz,0.0,373.0,0.0,373.0,0.938837465400756,2.449489742783178
BraTS-MEN-00709-000.nii.gz,0.0,373.0,0.00408287560763791,32.29551052391029,0.6528365194402103,22.22611077089287
BraTS-MEN-00711-000.nii.gz,0.0,373.0,0.0,373.0,0.0,373.0
BraTS-MEN-00712-000.nii.gz,0.0,373.0,0.0,373.0,0.0,373.0
BraTS-MEN-00713-000.nii.gz,0.0,373.0,0.0019240244961167554,24.186773244895647,0.6110685346720514,20.615528128088304
BraTS-MEN-00714-000.nii.gz,0.0,373.0,0.08036209126177721,7.7908840867009355,0.9127167502860664,2.8284271247461903
BraTS-MEN-00717-003.nii.gz,0.0,373.0,0.0,373.0,0.0,373.0
BraTS-MEN-00717-005.nii.gz,0.0,373.0,0.0,373.0,0.0,373.0
BraTS-MEN-00717-006.nii.gz,0.0,373.0,0.0,373.0,0.0,373.0
BraTS-MEN-00717-007.nii.gz,0.0,373.0,0.0,373.0,0.0,373.0
BraTS-MEN-00717-008.nii.gz,0.0,373.0,0.0,373.0,0.0,373.0
BraTS-MEN-00717-009.nii.gz,0.0,373.0,0.0,373.0,0.0,373.0
BraTS-MEN-00717-010.nii.gz,0.0,373.0,0.0,373.0,0.0,373.0
BraTS-MEN-00717-012.nii.gz,0.0,373.0,0.0,373.0,0.0,373.0
BraTS-MEN-00719-000.nii.gz,0.0,373.0,0.0030833310794363454,23.492550176450237,0.0028568837293669507,24.166091947189145
BraTS-MEN-00720-000.nii.gz,0.0,373.0,0.0,373.0,0.5809862773122588,24.438697214624664
BraTS-MEN-00721-000.nii.gz,0.0,373.0,0.03487280368399875,19.4164878389476,0.4035734703750008,16.401219466856727
BraTS-MEN-00722-000.nii.gz,0.0,373.0,0.20698660564043886,21.0,0.7283039463462124,11.874342087037917
BraTS-MEN-00725-000.nii.gz,0.0,373.0,0.000659666868231543,24.08941488622558,0.896810370925982,4.47213595499958
BraTS-MEN-00726-000.nii.gz,1.0,0.0,1.0,0.0,1.0,0.0
BraTS-MEN-00728-000.nii.gz,0.0,373.0,0.005991970759182695,21.540659228538015,0.6185602390180879,12.083045973594572
BraTS-MEN-00729-000.nii.gz,0.0,373.0,0.0029664022699426064,32.05152022767574,0.7483376452012246,10.295630140987
BraTS-MEN-00730-000.nii.gz,0.0,373.0,0.03493107769423559,20.09975124224178,0.03157880106189278,20.149441679609886
BraTS-MEN-00731-000.nii.gz,0.0,373.0,0.008042176749173444,15.937377450509228,0.34344401873137503,62.20329563524775
BraTS-MEN-00734-000.nii.gz,0.0,373.0,0.0,373.0,0.0,373.0
BraTS-MEN-00735-000.nii.gz,0.0,373.0,0.0,373.0,0.0,373.0
BraTS-MEN-00737-000.nii.gz,0.0,373.0,0.0007009345794392523,71.58631104986952,0.0006090133982947625,72.42927584892728
BraTS-MEN-00738-000.nii.gz,0.0,373.0,0.0,373.0,0.14221713849966638,11.074725085181646
BraTS-MEN-00739-000.nii.gz,0.0,373.0,0.0,373.0,0.0010392309690828788,15.165750888103101
BraTS-MEN-00741-000.nii.gz,0.0,373.0,0.5505300965825382,10.04987562112089,0.5043309517509041,11.357816691600547
BraTS-MEN-00743-001.nii.gz,0.0,373.0,0.0,373.0,0.030886639808719005,26.324893162176366
BraTS-MEN-00744-000.nii.gz,0.0,373.0,0.0023897458179448186,15.84297951775486,0.6852400711321873,4.69041575982343
BraTS-MEN-00745-000.nii.gz,0.0,373.0,0.0,373.0,0.0,373.0
BraTS-MEN-00746-000.nii.gz,0.0,373.0,4.674207721791156e-05,55.64170444240222,0.6103230250889814,23.345235059857504
BraTS-MEN-00747-000.nii.gz,1.0,0.0,1.0,0.0,0.0,373.0
BraTS-MEN-00748-000.nii.gz,0.0,373.0,0.0,373.0,0.0,373.0
BraTS-MEN-00750-000.nii.gz,0.0,373.0,0.0,373.0,0.7326720696746098,11.874342087037917
BraTS-MEN-00751-000.nii.gz,0.0,373.0,0.08603749191984486,14.798648586948742,0.8797782579153799,6.4031242374328485
BraTS-MEN-00752-000.nii.gz,0.0,373.0,0.15987675453611777,13.416407864998739,0.8183693741881256,5.670010509049196
BraTS-MEN-00754-000.nii.gz,0.0,373.0,0.0,373.0,0.8576840567803186,5.196152422706632
BraTS-MEN-00755-000.nii.gz,0.0,373.0,0.0,373.0,0.25022341376228774,17.735551958115554
BraTS-MEN-00757-000.nii.gz,0.0,373.0,0.0,373.0,0.0,373.0
BraTS-MEN-00758-000.nii.gz,0.0,373.0,0.0037218670636658202,25.140604233496333,0.23864986926550985,9.899494936611665
BraTS-MEN-00759-000.nii.gz,0.0,373.0,0.0,373.0,0.0037296037296037296,71.549973295072
BraTS-MEN-00762-000.nii.gz,0.0,373.0,0.0,373.0,0.0,373.0
BraTS-MEN-00763-000.nii.gz,0.0,373.0,0.0024625226894809662,37.73062267656703,0.7073933936322175,12.409673645990857
BraTS-MEN-00764-000.nii.gz,0.0,373.0,0.5392167533796286,7.615773105863909,0.8733056475944516,6.48074069840786
BraTS-MEN-00765-000.nii.gz,0.0,373.0,0.0,373.0,0.13158390593792002,41.8568990729127
BraTS-MEN-00766-000.nii.gz,1.0,0.0,1.0,0.0,1.0,0.0
BraTS-MEN-00768-000.nii.gz,1.0,0.0,1.0,0.0,0.0,373.0
BraTS-MEN-00770-000.nii.gz,1.0,0.0,1.0,0.0,0.0,373.0
BraTS-MEN-00771-000.nii.gz,0.0,373.0,0.0,373.0,0.4750748542312339,6.928203230275509
BraTS-MEN-00772-000.nii.gz,0.0,373.0,0.0,373.0,0.0,373.0
BraTS-MEN-00773-000.nii.gz,0.0,373.0,0.05061349693251534,7.368696060129284,0.019281332164767746,19.1049731745428
BraTS-MEN-00774-000.nii.gz,0.0,373.0,0.0,373.0,0.07245479316324004,20.322401432901575
BraTS-MEN-00776-000.nii.gz,0.0,373.0,0.0,373.0,0.8494699529308241,7.0710678118654755
BraTS-MEN-00777-000.nii.gz,0.0,373.0,0.0,373.0,0.5197637437528396,5.830951894845301
BraTS-MEN-00779-000.nii.gz,0.0,373.0,0.005035744795647678,19.87460691435179,0.36893494071933847,15.308486452370504
BraTS-MEN-00780-000.nii.gz,0.0,373.0,0.0,373.0,0.7247984971931587,9.848857801796104
BraTS-MEN-00781-005.nii.gz,0.0,373.0,0.0,373.0,0.0,373.0
BraTS-MEN-00781-007.nii.gz,0.0,373.0,0.0,373.0,0.0,373.0
BraTS-MEN-00781-008.nii.gz,0.0,373.0,0.0,373.0,0.009305417082087071,21.255559366514223
BraTS-MEN-00781-009.nii.gz,0.0,373.0,0.0,373.0,0.0,373.0
BraTS-MEN-00781-010.nii.gz,0.0,373.0,0.0,373.0,0.0,373.0
BraTS-MEN-00782-000.nii.gz,0.0,373.0,0.0,373.0,0.0,373.0
BraTS-MEN-00786-000.nii.gz,0.0,373.0,0.0,373.0,0.7277071649022666,21.400934559032695
BraTS-MEN-00787-000.nii.gz,0.0,373.0,0.0,373.0,0.006868918145392101,51.1233788219691
BraTS-MEN-00788-000.nii.gz,0.0,373.0,0.0011657119887448497,22.0,0.6353995980831658,13.96424004376894
BraTS-MEN-00789-000.nii.gz,0.0,373.0,0.0,373.0,0.0,373.0
BraTS-MEN-00790-000.nii.gz,1.0,0.0,1.0,0.0,1.0,0.0
BraTS-MEN-00792-000.nii.gz,0.0,373.0,0.0,373.0,0.0008269344359125812,90.7568166617548
BraTS-MEN-00794-000.nii.gz,0.0,373.0,0.0,373.0,0.0,373.0
BraTS-MEN-00795-000.nii.gz,0.0,373.0,0.0,373.0,0.0,373.0
BraTS-MEN-00797-000.nii.gz,0.0,373.0,0.005398984990821726,25.079872407968907,0.8742476370950831,5.0990195135927845
BraTS-MEN-00798-000.nii.gz,0.0,373.0,0.064361340224644,20.808652046684813,0.5518569218612622,10.295630140987
BraTS-MEN-00804-000.nii.gz,0.0,373.0,0.029619181946403384,14.560219778561036,0.3936575654152446,50.542061449186775
BraTS-MEN-00805-000.nii.gz,0.0,373.0,0.0,373.0,0.0,373.0
BraTS-MEN-00807-000.nii.gz,0.0,373.0,0.017405318291700243,14.352700094407323,0.4071401443220661,11.045361017187261
BraTS-MEN-00808-000.nii.gz,1.0,0.0,1.0,0.0,1.0,0.0
BraTS-MEN-00809-000.nii.gz,0.0,373.0,0.0,373.0,0.9406941205286307,3.1622776601683795
BraTS-MEN-00810-000.nii.gz,0.0,373.0,0.36180676401603995,6.4031242374328485,0.9412925310998649,4.123105625617661
BraTS-MEN-00811-000.nii.gz,0.0,373.0,0.002425712553062462,38.28837943815329,0.22946400868755817,13.92838827718412
BraTS-MEN-00813-000.nii.gz,0.0,373.0,0.009009181697943224,26.589471600616662,0.6917381855685292,10.816653826391969
BraTS-MEN-00817-000.nii.gz,0.0,373.0,0.0,373.0,0.7989202780653749,72.46930254597717
BraTS-MEN-00818-000.nii.gz,0.0,373.0,0.005360284307590587,37.389838191679836,0.36943135609630157,14.352700094407323
BraTS-MEN-00819-000.nii.gz,0.0,373.0,0.0005503955968352253,18.466185312619388,0.734451933648836,6.48074069840786
BraTS-MEN-00820-000.nii.gz,0.0,373.0,0.0,373.0,0.0,373.0
BraTS-MEN-00821-000.nii.gz,0.0,373.0,0.0,373.0,0.0,373.0
BraTS-MEN-00823-000.nii.gz,0.0,373.0,0.0,373.0,0.0,373.0
BraTS-MEN-00824-000.nii.gz,0.0,373.0,0.14380743645941477,14.491376746189438,0.1261455525606469,14.89966442575134
BraTS-MEN-00825-000.nii.gz,0.0,373.0,0.0,373.0,0.3310683276708192,34.07345007480164
BraTS-MEN-00826-000.nii.gz,0.0,373.0,0.0,373.0,0.5165956762838544,19.924858845171276
BraTS-MEN-00828-000.nii.gz,0.0,373.0,0.0,373.0,0.7063749004186654,7.338215327489083
BraTS-MEN-00829-000.nii.gz,0.0,373.0,0.0,373.0,0.2062717770034843,19.766117933413636
BraTS-MEN-00831-000.nii.gz,0.0,373.0,0.0011329745580566154,92.08202834576787,0.20160112783847742,77.16087081469189
BraTS-MEN-00832-000.nii.gz,0.0,373.0,0.1123546951298561,24.351591323771842,0.6414370487567133,15.165750888103101
BraTS-MEN-00833-000.nii.gz,0.0,373.0,0.01120859511506004,41.21286073109893,0.385937540361119,14.035668847618199
BraTS-MEN-00835-000.nii.gz,0.0,373.0,0.0,373.0,0.31763147073605336,36.359317925395686
BraTS-MEN-00837-000.nii.gz,0.0,373.0,0.0,373.0,0.0,373.0
BraTS-MEN-00840-000.nii.gz,0.0,373.0,0.0,373.0,0.0,373.0
BraTS-MEN-00841-000.nii.gz,0.0,373.0,0.0,373.0,0.0,373.0
BraTS-MEN-00842-000.nii.gz,0.0,373.0,0.0016621206955335834,32.38826948140329,0.47240371988315066,19.069605227560412
BraTS-MEN-00843-000.nii.gz,0.0,373.0,0.0,373.0,0.35483591652956964,3.7416573867739413
BraTS-MEN-00844-000.nii.gz,0.0,373.0,0.0,26.551836094703507,0.3817855758045754,10.488088481701515
BraTS-MEN-00846-000.nii.gz,0.0,373.0,0.0,373.0,0.8033551151993669,9.433981132056603
BraTS-MEN-00848-000.nii.gz,0.0,373.0,0.0,373.0,0.0,373.0
BraTS-MEN-00851-000.nii.gz,0.0,373.0,0.1846636444309919,22.60972203129062,0.6189844172442609,12.041594578792296
BraTS-MEN-00852-000.nii.gz,0.0,373.0,0.0,373.0,0.0,373.0
BraTS-MEN-00854-000.nii.gz,0.0,373.0,0.06910165512246971,21.118712081942874,0.7373931407231532,7.874007874011811
BraTS-MEN-00857-000.nii.gz,0.0,373.0,0.0,373.0,0.0,373.0
BraTS-MEN-00858-000.nii.gz,0.0,373.0,0.02236523631724112,24.55605831561735,0.7655217669523822,13.341664064126334
BraTS-MEN-00859-000.nii.gz,0.0,373.0,0.07580308361223147,17.204650534085253,0.5559396725297269,10.44030650891055
BraTS-MEN-00861-000.nii.gz,0.0,373.0,0.0,373.0,0.0,373.0
BraTS-MEN-00868-000.nii.gz,0.0,373.0,0.0,373.0,0.2670249391216727,11.575836902790225
BraTS-MEN-00873-000.nii.gz,0.0,373.0,0.03500062057837905,13.946314160476529,0.13368130181148297,13.92838827718412
BraTS-MEN-00875-000.nii.gz,0.0,373.0,0.0,373.0,0.0,373.0
BraTS-MEN-00876-000.nii.gz,0.0,373.0,0.0,373.0,0.0,373.0
BraTS-MEN-00877-000.nii.gz,0.0,373.0,0.0,373.0,0.0,373.0
BraTS-MEN-00878-000.nii.gz,1.0,0.0,1.0,0.0,0.0,373.0
BraTS-MEN-00879-000.nii.gz,0.0,373.0,0.0,373.0,0.0,373.0
BraTS-MEN-00880-000.nii.gz,0.0,373.0,2.6205107375427472e-05,35.566838487557476,0.49131951056293965,14.722424511166944
BraTS-MEN-00883-000.nii.gz,0.0,373.0,0.009186016841030875,20.615528128088304,0.006754474839581222,22.627416997969522
BraTS-MEN-00884-000.nii.gz,0.0,373.0,0.0,373.0,0.0,373.0
BraTS-MEN-00885-000.nii.gz,0.0,373.0,0.0,373.0,0.8906313433008943,5.830951894845301
BraTS-MEN-00886-000.nii.gz,0.0,373.0,0.0,373.0,0.0,373.0
BraTS-MEN-00887-000.nii.gz,0.0,373.0,0.0,373.0,0.04239940627924236,23.259406699226016
BraTS-MEN-00889-000.nii.gz,0.0,373.0,0.0,373.0,0.02995293110825845,22.715633383201094
BraTS-MEN-00890-000.nii.gz,0.0,373.0,0.005599068918876411,22.891046284519195,0.16798363200225766,13.92838827718412
BraTS-MEN-00891-000.nii.gz,0.0,373.0,0.009770774527745898,27.80287754891569,0.7637028364004287,8.737806162190036
BraTS-MEN-00894-000.nii.gz,1.0,0.0,0.0,373.0,0.0,77.76663399336432
BraTS-MEN-00895-000.nii.gz,1.0,0.0,1.0,0.0,0.0,373.0
BraTS-MEN-00896-000.nii.gz,0.0,373.0,0.0,373.0,0.0,373.0
BraTS-MEN-00897-000.nii.gz,0.0,373.0,0.0,373.0,0.09794262532599246,16.76305461424021
BraTS-MEN-00898-000.nii.gz,0.0,373.0,0.010638553926877993,15.937377450509228,0.6981942268538193,8.774964387392123
BraTS-MEN-00899-000.nii.gz,1.0,0.0,1.0,0.0,0.0,373.0
BraTS-MEN-00902-000.nii.gz,0.0,373.0,0.0,373.0,0.0,373.0
BraTS-MEN-00903-000.nii.gz,0.0,373.0,0.0,373.0,0.0,373.0
BraTS-MEN-00904-000.nii.gz,0.0,373.0,0.08120649651972157,20.71231517720798,0.057475554228558635,58.172588016103916
BraTS-MEN-00905-000.nii.gz,0.0,373.0,0.0,373.0,0.1518588409236815,34.00735135169495
BraTS-MEN-00906-000.nii.gz,0.0,373.0,0.0,373.0,0.0,373.0
BraTS-MEN-00907-000.nii.gz,0.0,373.0,0.1740290252318837,15.684387141358123,0.43225632740980074,14.071247279470288
BraTS-MEN-00909-000.nii.gz,0.0,373.0,0.11487883872478245,13.490737563232042,0.9186641168431608,5.385164807134504
BraTS-MEN-00910-000.nii.gz,0.0,373.0,0.0,373.0,0.23932371374435213,5.0
BraTS-MEN-00911-000.nii.gz,0.0,373.0,0.0,373.0,0.0,373.0
BraTS-MEN-00913-000.nii.gz,0.0,373.0,0.005560704355885079,14.45683229480096,0.004752475247524752,14.696938456699069
BraTS-MEN-00916-000.nii.gz,0.0,373.0,0.012532789274264064,23.958297101421877,0.2028777936915032,17.146428199482248
BraTS-MEN-00918-000.nii.gz,0.0,373.0,0.795365399946851,7.0,0.8778126236945468,4.123105625617661
BraTS-MEN-00920-000.nii.gz,1.0,0.0,1.0,0.0,1.0,0.0
BraTS-MEN-00921-000.nii.gz,0.0,373.0,0.0013078994912492656,45.32107677449864,0.6430491348927209,14.730919862656235
BraTS-MEN-00922-000.nii.gz,1.0,0.0,1.0,0.0,0.0,373.0
BraTS-MEN-00923-000.nii.gz,0.0,373.0,0.0,373.0,0.0,373.0
BraTS-MEN-00924-000.nii.gz,0.0,373.0,0.0,373.0,0.14092140921409213,3.0
BraTS-MEN-00925-000.nii.gz,0.0,373.0,0.6483459924824929,9.2655073897653,0.8190450352685839,8.602325267042627
BraTS-MEN-00927-000.nii.gz,0.0,373.0,0.0,373.0,0.0,373.0
BraTS-MEN-00929-000.nii.gz,0.0,373.0,0.0,373.0,0.4801804563970041,7.0710678118654755
BraTS-MEN-00930-000.nii.gz,0.0,373.0,0.16343939264693338,9.643650760992955,0.15387011368945647,9.848857801796104
BraTS-MEN-00932-003.nii.gz,1.0,0.0,1.0,0.0,1.0,0.0
BraTS-MEN-00932-004.nii.gz,0.0,373.0,0.0,373.0,0.0,373.0
BraTS-MEN-00932-005.nii.gz,0.0,373.0,0.0,373.0,0.0,373.0
BraTS-MEN-00932-006.nii.gz,0.0,373.0,0.0,373.0,0.0,373.0
BraTS-MEN-00932-007.nii.gz,0.0,373.0,0.0,373.0,0.0,373.0
BraTS-MEN-00932-008.nii.gz,0.0,373.0,0.0,373.0,0.0,373.0
BraTS-MEN-00932-009.nii.gz,0.0,373.0,0.0,373.0,0.0,373.0
BraTS-MEN-00932-010.nii.gz,0.0,373.0,0.0,373.0,0.0,373.0
BraTS-MEN-00935-000.nii.gz,0.0,373.0,0.000586940572267058,19.544820285692065,0.0005483207676490747,91.47567918136578
BraTS-MEN-00936-000.nii.gz,1.0,0.0,1.0,0.0,1.0,0.0
BraTS-MEN-00940-000.nii.gz,0.0,373.0,0.0,373.0,0.0,373.0
BraTS-MEN-00941-000.nii.gz,0.0,373.0,0.0,373.0,0.0,373.0
BraTS-MEN-00942-000.nii.gz,0.0,373.0,0.0,373.0,0.0,373.0
BraTS-MEN-00945-000.nii.gz,0.0,373.0,0.00027696036004846807,30.80503185325785,0.09808946286758176,12.36931687685298
BraTS-MEN-00946-000.nii.gz,1.0,0.0,1.0,0.0,1.0,0.0
BraTS-MEN-00947-000.nii.gz,0.0,373.0,0.0,373.0,0.0,373.0
BraTS-MEN-00948-000.nii.gz,0.0,373.0,0.0,373.0,0.031123636809214556,41.54515615568198
BraTS-MEN-00950-000.nii.gz,1.0,0.0,1.0,0.0,1.0,0.0
BraTS-MEN-00951-000.nii.gz,0.0,373.0,0.0,373.0,0.0,373.0
BraTS-MEN-00954-000.nii.gz,0.0,373.0,0.0,373.0,0.0,373.0
BraTS-MEN-00955-000.nii.gz,0.0,373.0,0.0,373.0,0.8086746288253712,7.3484692283495345
BraTS-MEN-00957-000.nii.gz,0.0,373.0,0.0,373.0,0.11941194119411941,11.224972160321824
BraTS-MEN-00959-000.nii.gz,0.0,373.0,0.0,373.0,0.0,373.0
BraTS-MEN-00960-000.nii.gz,0.0,373.0,0.006644038419874341,17.916472867168917,0.5620482954918087,8.06225774829855
BraTS-MEN-00962-000.nii.gz,0.0,373.0,0.011504668846775147,18.7936129268901,0.4388592771271836,13.74772708486752
BraTS-MEN-00963-000.nii.gz,0.0,373.0,0.4847641739799618,10.295630140987,0.5831292569067116,9.695359714832659
BraTS-MEN-00964-000.nii.gz,0.0,373.0,0.005853797829811536,21.00594901040716,0.20175848117024586,19.6468827043885
BraTS-MEN-00965-000.nii.gz,0.0,373.0,0.0,373.0,0.0,373.0
BraTS-MEN-00966-000.nii.gz,1.0,0.0,1.0,0.0,1.0,0.0
BraTS-MEN-00967-000.nii.gz,0.0,373.0,0.06971488716218308,14.866068747318506,0.1511836820968083,11.180339887498949
BraTS-MEN-00970-000.nii.gz,0.0,373.0,0.018624325262792386,20.73644135332772,0.8256315151268125,10.295630140987
BraTS-MEN-00971-000.nii.gz,0.0,373.0,0.0,373.0,0.5450920412956792,10.246950765959598
BraTS-MEN-00973-000.nii.gz,0.0,373.0,0.0,373.0,0.0,373.0
BraTS-MEN-00974-000.nii.gz,1.0,0.0,1.0,0.0,1.0,0.0
BraTS-MEN-00977-000.nii.gz,0.0,373.0,0.001080594326879784,35.185224171518364,0.6083924851477509,5.0990195135927845
BraTS-MEN-00981-000.nii.gz,0.0,373.0,0.0,373.0,0.0,373.0
BraTS-MEN-00982-000.nii.gz,1.0,0.0,1.0,0.0,1.0,0.0
BraTS-MEN-00983-006.nii.gz,0.0,373.0,0.0,373.0,0.0,373.0
BraTS-MEN-00983-007.nii.gz,0.0,373.0,0.001430615164520744,15.748015748023622,0.0013221683561040105,15.811388300841896
BraTS-MEN-00983-008.nii.gz,0.0,373.0,0.0,373.0,0.0,373.0
BraTS-MEN-00983-009.nii.gz,0.0,373.0,0.14006514657980457,10.099504938362077,0.12684838767147694,11.789826122551595
BraTS-MEN-00983-010.nii.gz,0.0,373.0,0.0,373.0,0.0,373.0
BraTS-MEN-00984-000.nii.gz,0.0,373.0,0.002366412213740458,28.499998987854134,0.11834179055758332,22.293496809607955
BraTS-MEN-00985-000.nii.gz,0.0,373.0,0.0,373.0,0.8803377878378966,10.770329614269007
BraTS-MEN-00987-000.nii.gz,0.0,373.0,0.0004371106982843405,97.27024207533506,0.5438316863245138,16.30950643030009
BraTS-MEN-00989-000.nii.gz,0.0,373.0,0.0,373.0,0.6935684700022869,7.3484692283495345
BraTS-MEN-00990-000.nii.gz,0.0,373.0,0.008985147684983404,23.323807579381203,0.6668161983605889,11.575836902790225
BraTS-MEN-00991-000.nii.gz,0.0,373.0,0.04901154128399564,22.825424421026653,0.3212607132983135,16.30950643030009
BraTS-MEN-00993-000.nii.gz,0.0,373.0,0.0022886568445143756,17.4928556845359,0.5835940992400537,6.48074069840786
BraTS-MEN-00996-000.nii.gz,0.0,373.0,0.0,373.0,0.838935627067064,8.246211251235321
BraTS-MEN-00997-000.nii.gz,0.0,373.0,0.0,373.0,0.0,373.0
BraTS-MEN-00999-000.nii.gz,0.0,373.0,0.0,373.0,0.0,373.0
BraTS-MEN-00999-001.nii.gz,0.0,373.0,0.0,373.0,0.0,373.0
BraTS-MEN-01000-000.nii.gz,0.0,373.0,0.034926948672837146,21.236760581595302,0.11083923194500023,13.601470508735444
BraTS-MEN-01001-000.nii.gz,0.0,373.0,0.0,373.0,0.871716230971803,7.874007874011811
BraTS-MEN-01002-000.nii.gz,0.0,373.0,0.0655682126390019,26.90724809414742,0.8690082084254023,10.0
BraTS-MEN-01003-007.nii.gz,0.0,373.0,0.0,373.0,0.0,373.0
BraTS-MEN-01003-008.nii.gz,0.0,373.0,0.0,373.0,0.0,373.0
BraTS-MEN-01003-009.nii.gz,0.0,373.0,0.0,373.0,0.0,373.0
BraTS-MEN-01003-010.nii.gz,0.0,373.0,0.0,373.0,0.10093727469358327,8.18535277187245
BraTS-MEN-01005-000.nii.gz,0.0,373.0,2.5415544146800183e-05,39.45883931389772,0.20793890027264567,14.560219778561036
BraTS-MEN-01006-000.nii.gz,0.0,373.0,0.0,373.0,0.0,373.0
BraTS-MEN-01007-000.nii.gz,0.0,373.0,0.0,373.0,0.9058652729384437,3.605551275463989
BraTS-MEN-01008-009.nii.gz,0.0,373.0,0.0,373.0,0.5900587920897915,7.144912134662103
BraTS-MEN-01008-010.nii.gz,0.0,373.0,0.0,373.0,0.5827290705339486,5.916079783099616
BraTS-MEN-01008-011.nii.gz,0.0,373.0,0.0,373.0,0.5300586510263929,7.0
BraTS-MEN-01008-012.nii.gz,0.0,373.0,0.0,373.0,0.46833013435700577,5.385164807134504
BraTS-MEN-01009-000.nii.gz,0.0,373.0,4.51997830410414e-05,51.308380319244336,0.4873946012491311,13.931973453842549
BraTS-MEN-01010-000.nii.gz,0.0,373.0,0.14068179585420965,12.529964086141668,0.18896347174523884,9.947355399343463
BraTS-MEN-01012-000.nii.gz,0.0,373.0,0.0,373.0,0.0,373.0
BraTS-MEN-01014-000.nii.gz,0.0,373.0,6.41097559021044e-05,48.31148931672465,0.1656052398975591,22.395309254844154
BraTS-MEN-01015-000.nii.gz,0.0,373.0,0.013575841963275607,30.62678566222711,0.38118494225010696,9.539392014169456
BraTS-MEN-01016-000.nii.gz,1.0,0.0,1.0,0.0,1.0,0.0
BraTS-MEN-01017-000.nii.gz,0.0,373.0,0.2040302267002519,27.09243436828813,0.22412343900096063,16.34013463836819
BraTS-MEN-01018-000.nii.gz,0.0,373.0,0.0,373.0,0.7040710546860002,13.490737563232042
BraTS-MEN-01020-000.nii.gz,0.0,373.0,0.0,373.0,0.0,373.0
BraTS-MEN-01021-000.nii.gz,0.0,373.0,0.0,373.0,0.00046098882102109026,21.14707528933255
BraTS-MEN-01026-000.nii.gz,0.0,373.0,0.008220218975581114,17.029386365926403,0.7016915384762744,9.433981132056603
BraTS-MEN-01028-000.nii.gz,0.0,373.0,0.0,373.0,0.0,373.0
BraTS-MEN-01029-000.nii.gz,0.0,373.0,0.0,373.0,0.0,373.0
BraTS-MEN-01030-000.nii.gz,0.0,373.0,0.0,373.0,0.0,373.0
BraTS-MEN-01031-000.nii.gz,0.0,373.0,0.0,373.0,0.6424484558244753,9.486832980505138
BraTS-MEN-01032-000.nii.gz,0.0,373.0,0.004428044280442804,18.130068441022114,0.3984314440745976,10.295630140987
BraTS-MEN-01033-000.nii.gz,0.0,373.0,0.0,373.0,0.3791729893778452,9.695359714832659
BraTS-MEN-01034-000.nii.gz,0.0,373.0,0.00030540878966496657,46.968074263269514,0.23135582626088647,26.91839109243749
BraTS-MEN-01035-000.nii.gz,0.0,373.0,0.0,373.0,0.7419121553810732,14.45683229480096
BraTS-MEN-01036-000.nii.gz,0.0,373.0,0.0,373.0,0.6848054541842251,20.12461179749811
BraTS-MEN-01038-000.nii.gz,0.0,373.0,0.0,373.0,0.0,373.0
BraTS-MEN-01039-000.nii.gz,0.0,373.0,0.0,373.0,0.0,373.0
BraTS-MEN-01040-000.nii.gz,0.0,373.0,0.003707010850447818,43.12771730569565,0.6908415086576862,11.180339887498949
BraTS-MEN-01041-000.nii.gz,0.0,373.0,0.016779431664411367,15.329709716755891,0.7540749836604543,8.602325267042627
BraTS-MEN-01042-000.nii.gz,0.0,373.0,0.0,373.0,0.7151006174290024,15.0
BraTS-MEN-01044-000.nii.gz,0.0,373.0,0.0,373.0,0.0,373.0
BraTS-MEN-01046-000.nii.gz,0.0,373.0,0.0009294297284737436,21.77498410617116,0.6696784398050273,66.82065548915246
BraTS-MEN-01047-000.nii.gz,0.0,373.0,0.011360461867957911,15.427248620541512,0.46668672885946433,59.67579017158634
BraTS-MEN-01048-000.nii.gz,0.0,373.0,0.0,373.0,0.8566453959474437,13.152946437965905
BraTS-MEN-01050-000.nii.gz,0.0,373.0,0.17826534110387385,6.4031242374328485,0.5049784268171258,5.830951894845301
BraTS-MEN-01051-000.nii.gz,0.0,373.0,0.0,373.0,0.08143836163981366,47.13172928556717
BraTS-MEN-01052-000.nii.gz,1.0,0.0,1.0,0.0,0.0,373.0
BraTS-MEN-01053-000.nii.gz,0.0,373.0,0.0,373.0,0.0,373.0
BraTS-MEN-01054-000.nii.gz,0.0,373.0,0.0,50.724747411889595,0.00035310734463276836,51.19277245213308
BraTS-MEN-01055-000.nii.gz,0.0,373.0,0.01845089371516433,22.22611077089287,0.5956564177647633,11.224972160321824
BraTS-MEN-01058-000.nii.gz,0.0,373.0,0.0,373.0,0.0,373.0
BraTS-MEN-01059-000.nii.gz,0.0,373.0,0.0,373.0,0.0,373.0
BraTS-MEN-01060-000.nii.gz,1.0,0.0,1.0,0.0,0.0,373.0
BraTS-MEN-01061-000.nii.gz,0.0,373.0,0.0,373.0,0.5815262249568545,18.05547008526779
BraTS-MEN-01062-000.nii.gz,1.0,0.0,1.0,0.0,1.0,0.0
BraTS-MEN-01063-000.nii.gz,0.0,373.0,0.0,373.0,0.683975825852256,9.0
BraTS-MEN-01065-000.nii.gz,0.0,373.0,0.0,373.0,0.27744378596949143,11.180339887498949
BraTS-MEN-01066-000.nii.gz,1.0,0.0,1.0,0.0,1.0,0.0
BraTS-MEN-01067-000.nii.gz,0.0,373.0,0.0,373.0,0.588938602097981,7.874007874011811
BraTS-MEN-01069-000.nii.gz,0.0,373.0,0.0,373.0,0.4225867850992477,20.947540507234915
BraTS-MEN-01070-000.nii.gz,0.0,373.0,0.2705228724232826,7.3484692283495345,0.9630316792925664,3.1622776601683795
BraTS-MEN-01071-000.nii.gz,0.0,373.0,0.0,373.0,0.0,373.0
BraTS-MEN-01073-000.nii.gz,0.0,373.0,0.0,373.0,0.0,373.0
BraTS-MEN-01074-000.nii.gz,0.0,373.0,0.0,373.0,0.29560293522852027,18.05547008526779
BraTS-MEN-01075-000.nii.gz,0.0,373.0,0.04905268621853102,14.142135623730951,0.5183756058538421,8.660254037844387
BraTS-MEN-01076-000.nii.gz,0.0,373.0,0.0,373.0,0.0,373.0
BraTS-MEN-01077-000.nii.gz,0.0,373.0,0.1320891744976782,11.0,0.8107244257807851,7.54983443527075
BraTS-MEN-01078-000.nii.gz,0.0,373.0,0.0,373.0,0.635955635800877,7.810249675906654
BraTS-MEN-01079-000.nii.gz,0.0,373.0,0.0,373.0,0.0,373.0
BraTS-MEN-01080-000.nii.gz,0.0,373.0,0.010861132660977503,6.164414002968976,0.5513967500456455,4.58257569495584
BraTS-MEN-01081-000.nii.gz,0.0,373.0,0.011895910780669145,9.643650760992955,0.8264738598442715,6.336340657901144
BraTS-MEN-01083-000.nii.gz,1.0,0.0,0.0,373.0,0.0,373.0
BraTS-MEN-01085-000.nii.gz,1.0,0.0,1.0,0.0,1.0,0.0
BraTS-MEN-01087-000.nii.gz,0.0,373.0,0.0,373.0,0.8132111458020354,7.968501968502952
BraTS-MEN-01088-000.nii.gz,0.0,373.0,0.005931281641979076,19.339079605813716,0.4102420944584978,11.445523142259598
BraTS-MEN-01089-000.nii.gz,0.0,373.0,0.0,373.0,0.0,373.0
BraTS-MEN-01090-000.nii.gz,0.0,373.0,0.019857818022955637,15.7797338380595,0.019043266301035953,16.76305461424021
BraTS-MEN-01092-000.nii.gz,0.0,373.0,0.038071731585036635,16.55294535724685,0.668799830433861,6.48074069840786
BraTS-MEN-01093-000.nii.gz,0.0,373.0,0.12756369901593717,12.18809186592194,0.7638544741884545,9.433981132056603
BraTS-MEN-01094-000.nii.gz,0.0,373.0,0.012349506536454297,17.0,0.819856345479162,7.483314773547883
BraTS-MEN-01095-000.nii.gz,0.0,373.0,0.0,373.0,0.8613539616423308,3.0
BraTS-MEN-01096-000.nii.gz,0.0,373.0,0.0,373.0,0.05126219061366757,26.292583062112428
BraTS-MEN-01099-000.nii.gz,0.0,373.0,0.0,373.0,0.0,373.0
BraTS-MEN-01100-000.nii.gz,0.0,373.0,0.04485354880176293,15.84297951775486,0.8371084586131935,7.681145747868608
BraTS-MEN-01101-000.nii.gz,0.0,373.0,0.0,373.0,0.006711409395973154,13.601470508735444
BraTS-MEN-01102-000.nii.gz,0.0,373.0,0.0,373.0,0.0,373.0
BraTS-MEN-01103-000.nii.gz,0.0,373.0,0.038175172600514416,14.314320352551274,0.08741923223109084,13.137696516497108
BraTS-MEN-01104-000.nii.gz,1.0,0.0,1.0,0.0,0.0,373.0
BraTS-MEN-01105-000.nii.gz,0.0,373.0,0.0,373.0,0.0,373.0
BraTS-MEN-01107-000.nii.gz,0.0,373.0,0.0,373.0,0.8522274284915029,2.544224088273931
BraTS-MEN-01108-000.nii.gz,0.0,373.0,0.0,373.0,0.507503505700574,13.92838827718412
BraTS-MEN-01112-000.nii.gz,1.0,0.0,1.0,0.0,1.0,0.0
BraTS-MEN-01113-000.nii.gz,0.0,373.0,0.011373016600935522,18.05547008526779,0.8712349474501312,5.916079783099616
BraTS-MEN-01114-000.nii.gz,0.0,373.0,0.0,373.0,0.0,373.0
BraTS-MEN-01116-000.nii.gz,0.0,373.0,0.00333889816360601,22.847319317591726,0.8132062642332143,8.06225774829855
BraTS-MEN-01117-000.nii.gz,0.0,373.0,0.0,373.0,0.0,373.0
BraTS-MEN-01118-000.nii.gz,0.0,373.0,0.0,373.0,0.774392365425717,6.0
BraTS-MEN-01119-000.nii.gz,0.0,373.0,0.04071225547567296,18.49324200890693,0.6890479518633665,11.357816691600547
BraTS-MEN-01121-000.nii.gz,0.0,373.0,0.0,373.0,0.8880525028421814,3.0
BraTS-MEN-01122-000.nii.gz,0.0,373.0,0.0,373.0,0.7658203435209766,5.744562646538029
BraTS-MEN-01123-000.nii.gz,0.0,373.0,0.22275309328640594,16.583123951777,0.785240735399374,15.264337522473747
BraTS-MEN-01124-000.nii.gz,0.0,373.0,0.0,373.0,0.0,373.0
BraTS-MEN-01126-000.nii.gz,0.0,373.0,0.0026528239474675358,36.52396473549935,0.13919382381218878,11.180339887498949
BraTS-MEN-01127-000.nii.gz,0.0,373.0,0.0,373.0,0.0,373.0
BraTS-MEN-01128-000.nii.gz,0.0,373.0,0.0,373.0,0.0,16.0
BraTS-MEN-01129-000.nii.gz,0.0,373.0,0.0,373.0,0.0,373.0
BraTS-MEN-01130-000.nii.gz,0.0,373.0,0.047768136684855536,16.06237840420901,0.17617490948715245,9.486832980505138
BraTS-MEN-01132-000.nii.gz,0.0,373.0,0.0018497785133622159,29.171904291629644,0.47718161348783567,16.278820596099706
BraTS-MEN-01134-000.nii.gz,0.0,373.0,0.0,373.0,0.2815405046480744,6.708203932499369
BraTS-MEN-01135-000.nii.gz,1.0,0.0,1.0,0.0,0.0,373.0
BraTS-MEN-01136-000.nii.gz,0.0,373.0,0.02311067169251684,15.132745950421556,0.7310786077915686,9.273618495495704
BraTS-MEN-01137-000.nii.gz,0.0,373.0,0.0,373.0,0.0,26.64019380568053
BraTS-MEN-01138-000.nii.gz,0.0,373.0,0.0,373.0,0.14506695818529652,24.339256179613933
BraTS-MEN-01140-000.nii.gz,0.0,373.0,0.022818791946308724,12.206555615733702,0.009599096555618294,15.165750888103101
BraTS-MEN-01141-000.nii.gz,0.0,373.0,0.2520193861066236,5.7270209671289,0.0695807314897413,13.40894392405092
BraTS-MEN-01143-000.nii.gz,0.0,373.0,0.0,373.0,0.0,373.0
BraTS-MEN-01144-000.nii.gz,0.0,373.0,0.0,373.0,0.43343918976911855,11.180339887498949
BraTS-MEN-01147-000.nii.gz,1.0,0.0,1.0,0.0,1.0,0.0
BraTS-MEN-01148-000.nii.gz,0.0,373.0,0.00116773709233464,54.055527006958314,0.0012424771888953602,53.97869909724287
BraTS-MEN-01151-000.nii.gz,0.0,373.0,0.0,373.0,0.0017869108778199687,34.36568055487916
BraTS-MEN-01152-000.nii.gz,0.0,373.0,0.04933925873777152,14.696938456699069,0.04015968539593637,21.182529298569644
BraTS-MEN-01153-000.nii.gz,0.0,373.0,0.0,373.0,0.4329219850643504,8.06225774829855
BraTS-MEN-01154-000.nii.gz,0.0,373.0,0.42647072147575,19.339079605813716,0.59818968909878,9.433981132056603
BraTS-MEN-01155-000.nii.gz,1.0,0.0,1.0,0.0,1.0,0.0
BraTS-MEN-01156-000.nii.gz,0.0,373.0,0.1974275587386268,16.15549442140351,0.46393085681043794,16.24807680927192
BraTS-MEN-01157-000.nii.gz,0.0,373.0,0.0,373.0,0.0001855804027094739,102.00833296821682
BraTS-MEN-01158-000.nii.gz,0.0,373.0,0.0,373.0,0.5494183428707092,12.206555615733702
BraTS-MEN-01159-000.nii.gz,0.0,373.0,0.0,373.0,0.7451420309364444,10.04987562112089
BraTS-MEN-01161-000.nii.gz,0.0,373.0,0.0,373.0,0.0,373.0
BraTS-MEN-01163-000.nii.gz,1.0,0.0,1.0,0.0,0.0,373.0
BraTS-MEN-01164-000.nii.gz,0.0,373.0,0.042415686274509805,23.84427592720122,0.8493184706257322,8.12403840463596
BraTS-MEN-01165-000.nii.gz,0.0,373.0,0.0,373.0,0.0,373.0
BraTS-MEN-01166-000.nii.gz,0.0,373.0,0.0,373.0,0.0,373.0
BraTS-MEN-01167-000.nii.gz,0.0,373.0,0.0,373.0,0.8941721279278907,3.3166247903554
BraTS-MEN-01168-000.nii.gz,0.0,373.0,0.0,373.0,0.9394397725210236,2.449489742783178
BraTS-MEN-01169-000.nii.gz,0.0,373.0,0.005441503833786792,19.87460691435179,0.3246990149580445,6.164414002968976
BraTS-MEN-01170-000.nii.gz,0.0,373.0,0.0,373.0,0.0,373.0
BraTS-MEN-01171-000.nii.gz,0.0,373.0,0.02000394814766072,17.652180758456343,0.7931722005208334,8.660254037844387
BraTS-MEN-01172-000.nii.gz,0.0,373.0,0.0,373.0,0.0,373.0
BraTS-MEN-01173-000.nii.gz,0.0,373.0,0.0,373.0,0.0,373.0
BraTS-MEN-01176-000.nii.gz,1.0,0.0,1.0,0.0,0.0,373.0
BraTS-MEN-01178-000.nii.gz,0.0,373.0,0.12331594379498115,16.76305461424021,0.5654809179450738,12.24744871391589
BraTS-MEN-01179-000.nii.gz,0.0,373.0,0.0,373.0,0.004055424129773572,33.66006535941367
BraTS-MEN-01181-000.nii.gz,0.0,373.0,0.0,373.0,0.0,373.0
BraTS-MEN-01183-000.nii.gz,0.0,373.0,0.026619319698830565,22.44994432064365,0.6833100443407748,14.177446878757825
BraTS-MEN-01184-000.nii.gz,0.0,373.0,0.0,373.0,0.0,373.0
BraTS-MEN-01185-000.nii.gz,0.0,373.0,0.0,373.0,0.5293507910529187,10.488088481701515
BraTS-MEN-01187-000.nii.gz,0.0,373.0,0.00036251586006887804,52.28766584960549,0.11875687153276095,18.860006689304246
BraTS-MEN-01189-000.nii.gz,0.0,373.0,0.0,373.0,6.676458806249166e-05,39.25557285278104
BraTS-MEN-01191-000.nii.gz,0.0,373.0,0.0,373.0,0.7949467170849089,8.660254037844387
BraTS-MEN-01192-000.nii.gz,0.0,373.0,0.0,373.0,0.0,373.0
BraTS-MEN-01194-000.nii.gz,0.0,373.0,0.0,373.0,0.0,373.0
BraTS-MEN-01198-004.nii.gz,0.0,373.0,0.0,373.0,0.0,373.0
BraTS-MEN-01198-007.nii.gz,0.0,373.0,0.0,373.0,0.0,373.0
BraTS-MEN-01198-008.nii.gz,0.0,373.0,0.0,373.0,0.0,373.0
BraTS-MEN-01198-011.nii.gz,0.0,373.0,0.0,373.0,0.0,373.0
BraTS-MEN-01198-013.nii.gz,0.0,373.0,0.0,373.0,0.0,373.0
BraTS-MEN-01199-000.nii.gz,0.0,373.0,0.0,373.0,0.7101182974917679,16.76305461424021
BraTS-MEN-01200-000.nii.gz,0.0,373.0,0.001747538882740141,29.879757346790946,0.3487316770591884,10.740088806590473
BraTS-MEN-01202-000.nii.gz,0.0,373.0,0.0,373.0,0.44488128513069386,23.021728866442675
BraTS-MEN-01203-000.nii.gz,0.0,373.0,0.0,373.0,0.0,373.0
BraTS-MEN-01205-000.nii.gz,0.0,373.0,0.0,373.0,0.0,373.0
BraTS-MEN-01206-000.nii.gz,0.0,373.0,0.0,373.0,0.0,373.0
BraTS-MEN-01208-000.nii.gz,0.0,373.0,0.0,373.0,0.03983498775299729,50.40833264451424
BraTS-MEN-01214-000.nii.gz,0.0,373.0,0.008496664302054025,49.47726750741192,0.5392258247663078,26.30589287593181
BraTS-MEN-01215-000.nii.gz,1.0,0.0,1.0,0.0,1.0,0.0
BraTS-MEN-01216-000.nii.gz,0.0,373.0,0.08812372337321273,17.916472867168917,0.8634106573778997,6.082762530298219
BraTS-MEN-01218-000.nii.gz,0.0,373.0,0.9196427022808082,3.4641016151377544,0.8814045179231267,5.0990195135927845
BraTS-MEN-01220-000.nii.gz,0.0,373.0,0.0,373.0,0.0,373.0
BraTS-MEN-01221-000.nii.gz,0.0,373.0,0.06749877719606528,16.30950643030009,0.5146599796584014,9.899494936611665
BraTS-MEN-01222-000.nii.gz,0.0,373.0,0.012305465074194716,19.1049731745428,0.18204668991736575,27.313000567495326
BraTS-MEN-01224-000.nii.gz,1.0,0.0,1.0,0.0,0.0,373.0
BraTS-MEN-01225-000.nii.gz,0.0,373.0,0.10562015503875968,9.219544457292887,0.09467969598262758,9.433981132056603
BraTS-MEN-01226-000.nii.gz,0.0,373.0,0.0,373.0,0.0,373.0
BraTS-MEN-01229-000.nii.gz,0.0,373.0,0.0,373.0,0.2670546395085677,4.58257569495584
BraTS-MEN-01231-000.nii.gz,1.0,0.0,1.0,0.0,1.0,0.0
BraTS-MEN-01233-000.nii.gz,0.0,373.0,0.0,82.0,0.3226857426163326,17.46424919657298
BraTS-MEN-01234-000.nii.gz,0.0,373.0,0.0,373.0,0.03765956217870964,26.870057685088806
BraTS-MEN-01235-000.nii.gz,0.0,373.0,0.0,373.0,0.5014080802989295,62.9428299213355
BraTS-MEN-01237-000.nii.gz,0.0,373.0,0.011108198440264762,24.939927826679853,0.7279267311916584,12.206555615733702
BraTS-MEN-01240-000.nii.gz,0.0,373.0,0.012336553411668748,21.118712081942874,0.2804387796441148,19.748417658131498
BraTS-MEN-01241-000.nii.gz,0.0,373.0,0.0,373.0,0.6251386865216751,16.116755857305595
BraTS-MEN-01242-000.nii.gz,0.0,373.0,0.0,373.0,0.0,373.0
BraTS-MEN-01246-001.nii.gz,0.0,373.0,0.0,373.0,0.0,373.0
BraTS-MEN-01246-002.nii.gz,0.0,373.0,0.0,373.0,0.0,373.0
BraTS-MEN-01246-003.nii.gz,0.0,373.0,0.0,373.0,0.0,373.0
BraTS-MEN-01247-000.nii.gz,0.0,373.0,0.032854984894259816,13.45362404707371,0.8224588762572801,3.7416573867739413
BraTS-MEN-01250-000.nii.gz,0.0,373.0,0.0,373.0,0.9522305057739697,1.7320508075688772
BraTS-MEN-01252-000.nii.gz,0.0,373.0,0.0,373.0,0.3430535619853441,12.24744871391589
BraTS-MEN-01254-000.nii.gz,1.0,0.0,1.0,0.0,0.0,373.0
BraTS-MEN-01256-000.nii.gz,0.0,373.0,0.0,373.0,0.7710471502564542,12.206555615733702
BraTS-MEN-01257-000.nii.gz,0.0,373.0,0.0011182081561425207,30.822070014844883,0.7535775090874561,15.0
BraTS-MEN-01259-000.nii.gz,0.0,373.0,0.0,373.0,0.0,373.0
BraTS-MEN-01261-000.nii.gz,0.0,373.0,0.0,373.0,0.0,22.55769911600931
BraTS-MEN-01264-000.nii.gz,0.0,373.0,0.0,373.0,0.5583614474738202,18.275666882497067
BraTS-MEN-01266-000.nii.gz,0.0,373.0,0.0,373.0,0.0,373.0
BraTS-MEN-01268-000.nii.gz,0.0,373.0,0.0,373.0,0.06168659401121574,17.4928556845359
BraTS-MEN-01271-000.nii.gz,0.0,373.0,0.0,373.0,0.5484457802736692,12.109897265196476
BraTS-MEN-01272-000.nii.gz,0.0,373.0,0.005244755244755245,12.727922061357855,0.005013927576601671,12.66884409056152
BraTS-MEN-01274-000.nii.gz,0.0,373.0,0.0,373.0,0.0,373.0
BraTS-MEN-01275-000.nii.gz,0.0,373.0,0.10353995133976765,18.788294228055936,0.7997062941636369,8.06225774829855
BraTS-MEN-01278-000.nii.gz,0.0,373.0,0.18574401934984922,15.238104473877026,0.29472960566677253,14.071247279470288
BraTS-MEN-01279-000.nii.gz,0.0,373.0,0.0,373.0,0.0,373.0
BraTS-MEN-01279-002.nii.gz,0.0,373.0,0.0,373.0,0.0,373.0
BraTS-MEN-01279-010.nii.gz,0.0,373.0,0.0,373.0,0.7551910007030701,4.898979485566356
BraTS-MEN-01280-000.nii.gz,0.0,373.0,0.0,373.0,0.0,373.0
BraTS-MEN-01281-000.nii.gz,0.0,373.0,0.0,373.0,0.5457627118644067,11.224972160321824
BraTS-MEN-01282-000.nii.gz,0.0,373.0,0.0,373.0,0.0,373.0
BraTS-MEN-01283-000.nii.gz,0.0,373.0,0.0,373.0,0.0,373.0
BraTS-MEN-01284-000.nii.gz,0.0,373.0,0.049026721771776506,20.441377733721048,0.4618333333333333,10.295630140987
BraTS-MEN-01285-000.nii.gz,0.0,373.0,0.0,373.0,0.0,373.0
BraTS-MEN-01290-000.nii.gz,0.0,373.0,0.03706735447202187,17.916472867168917,0.5642233306755178,9.0
BraTS-MEN-01291-000.nii.gz,0.0,373.0,0.0,373.0,0.0,373.0
BraTS-MEN-01292-000.nii.gz,1.0,0.0,0.0,373.0,0.0,373.0
BraTS-MEN-01294-000.nii.gz,0.0,373.0,0.0030225409836065575,34.132096331752024,0.25972827290851364,16.0312195418814
BraTS-MEN-01296-000.nii.gz,0.0,373.0,0.0,373.0,0.6618317108579114,11.0
BraTS-MEN-01298-000.nii.gz,0.0,373.0,0.012881662364849595,23.706539182259394,0.4893380477318101,11.657600445345333
BraTS-MEN-01300-000.nii.gz,0.0,373.0,0.049779205138498595,7.681145747868608,0.03581744656268053,9.695359714832659
BraTS-MEN-01302-000.nii.gz,0.0,373.0,0.018011716359185102,15.297058540778355,0.015451545154515451,72.05969679238025
BraTS-MEN-01303-000.nii.gz,1.0,0.0,1.0,0.0,1.0,0.0
BraTS-MEN-01305-000.nii.gz,0.0,373.0,0.0,373.0,0.0,373.0
BraTS-MEN-01306-000.nii.gz,0.0,373.0,0.0,89.57064218319799,0.0,94.93023729660646
BraTS-MEN-01307-000.nii.gz,0.0,373.0,0.09815892848691372,11.180339887498949,0.7543411587575978,8.12403840463596
BraTS-MEN-01308-000.nii.gz,1.0,0.0,1.0,0.0,0.0,373.0
BraTS-MEN-01309-000.nii.gz,0.0,373.0,0.0,373.0,0.0,373.0
BraTS-MEN-01310-000.nii.gz,0.0,373.0,0.0,373.0,0.6158302733578132,7.681145747868608
BraTS-MEN-01312-000.nii.gz,0.0,373.0,0.0,373.0,0.7303733046745241,12.041594578792296
BraTS-MEN-01314-000.nii.gz,0.0,373.0,0.0,373.0,0.0,373.0
BraTS-MEN-01315-000.nii.gz,0.0,373.0,0.0,373.0,0.0,373.0
BraTS-MEN-01316-000.nii.gz,0.0,373.0,0.0,373.0,0.4055749396480147,29.154759474226502
BraTS-MEN-01317-000.nii.gz,0.0,373.0,0.0,373.0,0.0,373.0
BraTS-MEN-01320-000.nii.gz,0.0,373.0,0.11059619238476955,9.433981132056603,0.6215325972115763,6.708203932499369
BraTS-MEN-01321-000.nii.gz,1.0,0.0,1.0,0.0,1.0,0.0
BraTS-MEN-01322-000.nii.gz,0.0,373.0,0.0,373.0,0.0,373.0
BraTS-MEN-01323-000.nii.gz,0.0,373.0,0.0,373.0,0.0,373.0
BraTS-MEN-01326-000.nii.gz,0.0,373.0,0.0,373.0,0.00012965964343598056,38.45776684841243
BraTS-MEN-01327-000.nii.gz,0.0,373.0,0.0,373.0,0.8331961161877675,11.730284038970225
BraTS-MEN-01329-000.nii.gz,0.0,373.0,0.001976563602993082,14.035668847618199,0.13140376266280754,45.55381376494369
BraTS-MEN-01330-000.nii.gz,0.0,373.0,0.025234151250096756,12.68857754044952,0.8181949715634008,8.306623862918075
BraTS-MEN-01331-000.nii.gz,0.0,373.0,0.0,373.0,0.0,373.0
BraTS-MEN-01333-000.nii.gz,0.0,373.0,0.0,373.0,0.792246495337107,10.0
BraTS-MEN-01334-000.nii.gz,0.0,373.0,0.0,373.0,0.0,373.0
BraTS-MEN-01335-000.nii.gz,0.0,373.0,0.0,373.0,0.3183536731275425,6.4031242374328485
BraTS-MEN-01336-000.nii.gz,0.0,373.0,0.0,373.0,0.5882998745294856,11.832159566199232
BraTS-MEN-01338-000.nii.gz,0.0,373.0,0.0,373.0,0.0,373.0
BraTS-MEN-01339-000.nii.gz,0.0,373.0,0.0,373.0,0.0,373.0
BraTS-MEN-01340-000.nii.gz,0.0,373.0,0.0,373.0,0.0,373.0
BraTS-MEN-01342-000.nii.gz,0.0,373.0,0.0,55.049066293344325,0.05282395943874543,72.2841614740048
BraTS-MEN-01344-000.nii.gz,0.0,373.0,0.0007784751617768695,34.583232931581165,0.2136922811429135,19.6468827043885
BraTS-MEN-01345-000.nii.gz,1.0,0.0,1.0,0.0,0.0,373.0
BraTS-MEN-01348-000.nii.gz,1.0,0.0,1.0,0.0,1.0,0.0
BraTS-MEN-01349-000.nii.gz,0.0,373.0,0.0,373.0,0.8544342050756182,5.477225575051661
BraTS-MEN-01350-000.nii.gz,0.0,373.0,0.0,373.0,0.7274094701858872,10.641878922558815
BraTS-MEN-01351-000.nii.gz,0.0,373.0,0.09250438706442718,9.876708225944661,0.6128708614017486,7.0
BraTS-MEN-01353-000.nii.gz,0.0,373.0,0.0,373.0,0.0,373.0
BraTS-MEN-01354-000.nii.gz,0.0,373.0,0.0,24.919871588754223,0.0,27.367864366808018
BraTS-MEN-01355-000.nii.gz,1.0,0.0,1.0,0.0,1.0,0.0
BraTS-MEN-01357-000.nii.gz,0.0,373.0,0.002915090243751163,21.118712081942874,0.21699112544431629,5.196152422706632
BraTS-MEN-01359-000.nii.gz,0.0,373.0,0.0,373.0,0.12794926792875128,16.0312195418814
BraTS-MEN-01360-000.nii.gz,0.0,373.0,0.4679115690062245,3.7416573867739413,0.7689449647805557,4.554965759966775
BraTS-MEN-01362-000.nii.gz,0.0,373.0,0.0,373.0,0.0,373.0
BraTS-MEN-01363-000.nii.gz,1.0,0.0,1.0,0.0,0.0,373.0
BraTS-MEN-01365-000.nii.gz,0.0,373.0,0.0,373.0,0.0,373.0
BraTS-MEN-01366-000.nii.gz,0.0,373.0,0.0,373.0,0.04097027578808955,17.899715438866547
BraTS-MEN-01367-000.nii.gz,0.0,373.0,0.017244897959183672,19.05255888325765,0.016430588035720776,19.261360284258224
BraTS-MEN-01368-000.nii.gz,0.0,373.0,0.004310641322541444,68.07348970047003,0.23061234169710193,51.683651166170044
BraTS-MEN-01370-000.nii.gz,0.0,373.0,0.001999000499750125,24.108088501836246,0.5545450774623059,14.071247279470288
BraTS-MEN-01371-000.nii.gz,0.0,373.0,0.008602890571231933,13.0,0.007246376811594203,13.625332781098207
BraTS-MEN-01375-000.nii.gz,0.0,373.0,0.0,373.0,0.0,373.0
BraTS-MEN-01380-000.nii.gz,1.0,0.0,1.0,0.0,0.0,373.0
BraTS-MEN-01382-000.nii.gz,0.0,373.0,0.04417604538384116,22.9128784747792,0.8599172191134276,9.273618495495704
BraTS-MEN-01383-000.nii.gz,0.0,373.0,0.0,373.0,0.0,373.0
BraTS-MEN-01383-005.nii.gz,0.0,373.0,0.0,373.0,0.0,373.0
BraTS-MEN-01383-006.nii.gz,0.0,373.0,0.0,373.0,0.0,373.0
BraTS-MEN-01383-007.nii.gz,0.0,373.0,0.0,373.0,0.0,373.0
BraTS-MEN-01383-009.nii.gz,0.0,373.0,0.0,373.0,0.0,373.0
BraTS-MEN-01383-010.nii.gz,0.0,373.0,0.0,373.0,0.0,373.0
BraTS-MEN-01384-000.nii.gz,0.0,373.0,0.0,373.0,0.7246295718420798,54.42609407723017
BraTS-MEN-01385-000.nii.gz,0.0,373.0,0.17995043047221498,17.11724276862369,0.7826017557861134,11.74734012447073
BraTS-MEN-01388-000.nii.gz,1.0,0.0,1.0,0.0,1.0,0.0
BraTS-MEN-01389-000.nii.gz,0.0,373.0,0.0,373.0,0.0,373.0
BraTS-MEN-01390-000.nii.gz,0.0,373.0,0.0,373.0,0.0,98.83900894717193
BraTS-MEN-01392-000.nii.gz,0.0,373.0,0.03168887288440764,11.661903789690601,0.02298250195873596,39.370039370059054
BraTS-MEN-01396-000.nii.gz,0.0,373.0,0.0,373.0,0.6704898656043426,14.317821063276353
BraTS-MEN-01399-000.nii.gz,0.0,373.0,0.0,373.0,0.5840683186336273,19.026297590440446
BraTS-MEN-01401-000.nii.gz,0.0,373.0,0.0,373.0,0.0,373.0
BraTS-MEN-01403-000.nii.gz,0.0,373.0,0.0,373.0,0.27846991798660237,28.375164500462393
BraTS-MEN-01404-000.nii.gz,0.0,373.0,0.0,373.0,0.0017820119600418086,43.37453134930057
BraTS-MEN-01407-000.nii.gz,0.0,373.0,0.0,373.0,0.0,373.0
BraTS-MEN-01408-000.nii.gz,0.0,373.0,0.0,373.0,0.0,373.0
BraTS-MEN-01409-000.nii.gz,0.0,373.0,0.0,373.0,0.5244716351501668,16.223411708058634
BraTS-MEN-01411-000.nii.gz,0.0,373.0,0.003727698370816164,36.27671429443411,0.6959414340533039,18.24828759089466
BraTS-MEN-01414-000.nii.gz,0.0,373.0,0.0,373.0,0.0,373.0
BraTS-MEN-01416-000.nii.gz,0.0,373.0,0.0,373.0,0.0,373.0
BraTS-MEN-01417-000.nii.gz,0.0,373.0,0.227064719982567,17.663521732655695,0.8395000062436783,9.486832980505138
BraTS-MEN-01419-000.nii.gz,0.0,373.0,0.0,373.0,0.0,373.0
BraTS-MEN-01420-000.nii.gz,1.0,0.0,1.0,0.0,0.0,373.0
BraTS-MEN-01421-000.nii.gz,0.0,373.0,0.14485981308411214,5.830951894845301,0.047400611620795105,85.48098783769055
BraTS-MEN-01422-000.nii.gz,0.0,373.0,0.0,373.0,0.0,373.0
BraTS-MEN-01423-000.nii.gz,0.0,373.0,0.1979595716367784,25.15949125081825,0.9037912562640401,7.14142842854285
BraTS-MEN-01424-000.nii.gz,0.0,373.0,0.0,373.0,0.0,373.0
BraTS-MEN-01426-000.nii.gz,0.0,373.0,0.00861804848640582,28.75760768909681,0.3789708190968695,21.470910553583888
BraTS-MEN-01429-000.nii.gz,1.0,0.0,1.0,0.0,0.0,373.0
BraTS-MEN-01430-000.nii.gz,1.0,0.0,1.0,0.0,0.0,373.0
BraTS-MEN-01431-000.nii.gz,0.0,373.0,0.011789924973204717,11.357816691600547,0.8571124926935544,2.8284271247461903
BraTS-MEN-01432-000.nii.gz,0.0,373.0,0.021119094273895057,20.755708688327235,0.014215967834577828,24.166091947189145
BraTS-MEN-01433-000.nii.gz,0.0,373.0,0.0,373.0,0.6018841591067691,4.123105625617661
BraTS-MEN-01434-000.nii.gz,0.0,373.0,0.0029947849434605258,18.027756377319946,0.286464191976003,6.557438524302
BraTS-MEN-01435-000.nii.gz,1.0,0.0,1.0,0.0,1.0,0.0
BraTS-MEN-01435-001.nii.gz,1.0,0.0,1.0,0.0,1.0,0.0
AVERAGE,0.116,329.732,0.13753547215842207,214.6116515865627,0.33502492022321906,139.15453780385195
